,회사명,주당액면가액(원)(1)당기,주당액면가액(원)(1)전기,주당액면가액(원)(1)전전기,(연결)당기순이익(백만원)(1)당기,(연결)당기순이익(백만원)(1)전기,(연결)당기순이익(백만원)(1)전전기,(별도)당기순이익(백만원)(1)당기,(별도)당기순이익(백만원)(1)전기,(별도)당기순이익(백만원)(1)전전기,(연결)주당순이익(원)(1)당기,(연결)주당순이익(원)(1)전기,(연결)주당순이익(원)(1)전전기,현금배당금총액(백만원)(1)당기,현금배당금총액(백만원)(1)전기,현금배당금총액(백만원)(1)전전기,주식배당금총액(백만원)(1)당기,주식배당금총액(백만원)(1)전기,주식배당금총액(백만원)(1)전전기,(연결)현금배당성향(%)(1)당기,(연결)현금배당성향(%)(1)전기,(연결)현금배당성향(%)(1)전전기,현금배당수익률(%)보통주(1)당기,현금배당수익률(%)보통주(1)전기,현금배당수익률(%)보통주(1)전전기,현금배당수익률(%)우선주(1)당기,현금배당수익률(%)우선주(1)전기,현금배당수익률(%)우선주(1)전전기,주식배당수익률(%)보통주(1)당기,주식배당수익률(%)보통주(1)전기,주식배당수익률(%)보통주(1)전전기,주식배당수익률(%)우선주(1)당기,주식배당수익률(%)우선주(1)전기,주식배당수익률(%)우선주(1)전전기,주당 현금배당금(원)보통주(1)당기,주당 현금배당금(원)보통주(1)전기,주당 현금배당금(원)보통주(1)전전기,주당 현금배당금(원)우선주(1)당기,주당 현금배당금(원)우선주(1)전기,주당 현금배당금(원)우선주(1)전전기,주당 주식배당(주)보통주(1)당기,주당 주식배당(주)보통주(1)전기,주당 주식배당(주)보통주(1)전전기,주당 주식배당(주)우선주(1)당기,주당 주식배당(주)우선주(1)전기,주당 주식배당(주)우선주(1)전전기,현금배당수익률(%)(1)당기,현금배당수익률(%)(1)전기,현금배당수익률(%)(1)전전기,주식배당수익률(%)(1)당기,주식배당수익률(%)(1)전기,주식배당수익률(%)(1)전전기,주당 현금배당금(원)(1)당기,주당 현금배당금(원)(1)전기,주당 현금배당금(원)(1)전전기,주당 주식배당(주)(1)당기,주당 주식배당(주)(1)전기,주당 주식배당(주)(1)전전기,현금배당수익률(%)(2)당기,현금배당수익률(%)(2)전기,현금배당수익률(%)(2)전전기,주식배당수익률(%)(2)당기,주식배당수익률(%)(2)전기,주식배당수익률(%)(2)전전기,주당 현금배당금(원)(2)당기,주당 현금배당금(원)(2)전기,주당 현금배당금(원)(2)전전기,주당 주식배당(주)(2)당기,주당 주식배당(주)(2)전기,주당 주식배당(주)(2)전전기,현금배당수익률(%)종류주식(1)당기,현금배당수익률(%)종류주식(1)전기,현금배당수익률(%)종류주식(1)전전기,주식배당수익률(%)종류주식(1)당기,주식배당수익률(%)종류주식(1)전기,주식배당수익률(%)종류주식(1)전전기,주당 현금배당금(원)종류주식(1)당기,주당 현금배당금(원)종류주식(1)전기,주당 현금배당금(원)종류주식(1)전전기,주당 주식배당(주)종류주식(1)당기,주당 주식배당(주)종류주식(1)전기,주당 주식배당(주)종류주식(1)전전기,주당 주식배당(주)(3)당기,주당 주식배당(주)(3)전기,주당 주식배당(주)(3)전전기,현금배당수익률(%)보통주식(1)당기,현금배당수익률(%)보통주식(1)전기,현금배당수익률(%)보통주식(1)전전기,주식배당수익률(%)보통주식(1)당기,주식배당수익률(%)보통주식(1)전기,주식배당수익률(%)보통주식(1)전전기,주당 현금배당금(원)보통주식(1)당기,주당 현금배당금(원)보통주식(1)전기,주당 현금배당금(원)보통주식(1)전전기,주당 주식배당(주)보통주식(1)당기,주당 주식배당(주)보통주식(1)전기,주당 주식배당(주)보통주식(1)전전기,주당 주식배당(주)후배주(1)당기,주당 주식배당(주)후배주(1)전기,주당 주식배당(주)후배주(1)전전기,현금배당수익률(%)종류주(1)당기,현금배당수익률(%)종류주(1)전기,현금배당수익률(%)종류주(1)전전기,주식배당수익률(%)종류주(1)당기,주식배당수익률(%)종류주(1)전기,주식배당수익률(%)종류주(1)전전기,주당 현금배당금(원)종류주(1)당기,주당 현금배당금(원)종류주(1)전기,주당 현금배당금(원)종류주(1)전전기,주당 주식배당(주)종류주(1)당기,주당 주식배당(주)종류주(1)전기,주당 주식배당(주)종류주(1)전전기,주당 주식배당(주)(4)당기,주당 주식배당(주)(4)전기,주당 주식배당(주)(4)전전기,현금배당수익률(%)보통주 (1)당기,현금배당수익률(%)보통주 (1)전기,현금배당수익률(%)보통주 (1)전전기,현금배당수익률(%)우선주 (1)당기,현금배당수익률(%)우선주 (1)전기,현금배당수익률(%)우선주 (1)전전기,주식배당수익률(%)보통주 (1)당기,주식배당수익률(%)보통주 (1)전기,주식배당수익률(%)보통주 (1)전전기,주식배당수익률(%)우선주 (1)당기,주식배당수익률(%)우선주 (1)전기,주식배당수익률(%)우선주 (1)전전기,주당 현금배당금(원)보통주 (1)당기,주당 현금배당금(원)보통주 (1)전기,주당 현금배당금(원)보통주 (1)전전기,주당 현금배당금(원)우선주 (1)당기,주당 현금배당금(원)우선주 (1)전기,주당 현금배당금(원)우선주 (1)전전기,주당 주식배당(주)보통주 (1)당기,주당 주식배당(주)보통주 (1)전기,주당 주식배당(주)보통주 (1)전전기,주당 주식배당(주)우선주 (1)당기,주당 주식배당(주)우선주 (1)전기,주당 주식배당(주)우선주 (1)전전기
0,한일진공,100,100,100,"-31,587","-14,560","21,954","-35,714","-10,933","28,655",-528,-257,670,-,-,-,-,-,-,-,-,-,-,-,-,-,-,-,-,-,-,-,-,-,-,-,-,-,-,-,-,-,-,-,-,-,,,,,,,,,,,,,,,,,,,,,,,,,,,,,,,,,,,,,,,,,,,,,,,,,,,,,,,,,,,,,,,,,,,,,,,,,,,,,,,,,,,,,,,,,,,,,
1,메리츠화재,500,500,500,"300,437","233,818","383,833","271,182","260,043","355,139","2,693","2,122","3,510","94,761","91,739","124,503",-,-,-,31.50,39.20,32.40,4.60,3.80,4.70,,,,-,-,-,,,,850,820,"1,140",,,,-,-,-,,,,-,-,-,-,-,-,-,-,-,-,-,-,,,,,,,,,,,,,,,,,,,,,,,,,,,,,,,,,,,,,,,,,,,,,,,,,,,,,,,,,,,,,,,,,,,,,,,,,,,,,,,,,
2,예스24,500,500,500,-167,"-5,431",-279,"1,378","-8,900",-976,0,-305,-5,"3,440","2,064","2,064",-,-,-,-,-,-,,,,,,,,,,,,,,,,,,,,,,,,,2.70,2.50,2.19,-,-,-,200,120,120,-,-,-,-,-,-,-,-,-,-,-,-,-,-,-,,,,,,,,,,,,,,,,,,,,,,,,,,,,,,,,,,,,,,,,,,,,,,,,,,,,,,,,,,,,,,,,,,,,,
3,대한방직,"1,000","1,000","5,000","-15,955","12,434","-9,604","-16,134","3,513","-16,967","-3,651","2,370","-1,808",-,"1,538",-,-,-,-,-,12.37,-,,,,,,,,,,,,,,,,,,,,,,,,,-,2.01,-,-,-,-,-,300,-,-,-,-,-,-,-,-,-,-,-,-,-,-,-,-,,,,,,,,,,,,,,,,,,,,,,,,,,,,,,,,,,,,,,,,,,,,,,,,,,,,,,,,,,,,,,,,,,,,,
4,영풍,"5,000","5,000","5,000","233,025","110,722","244,597","76,098","36,553","59,989","135,469","64,368","142,197","17,201","17,201","17,201",-,-,-,7.38,15.54,7.03,1.58,1.33,0.95,-,-,-,-,-,-,-,-,-,"10,000","10,000","10,000",-,-,-,-,-,-,-,-,-,,,,,,,,,,,,,,,,,,,,,,,,,,,,,,,,,,,,,,,,,,,,,,,,,,,,,,,,,,,,,,,,,,,,,,,,,,,,,,,,,,,,,,,,,,,,,
5,유화증권,"5,000","5,000","5,000",-,-,-,"6,222","6,004","7,882",494,469,621,"7,517","9,506","7,618",-,-,-,120.82,158.34,96.64,4.66,5.58,3.67,,,,-,-,-,,,,600,750,600,,,,-,-,-,,,,,,,,,,,,,,,,,,,,,,,,,,,,4.93,6.09,4.15,-,-,-,650,800,650,-,-,-,,,,,,,,,,,,,,,,,,,,,,,,,,,,,,,,,,,,,,,,,,,,,,,,,,,,,,,,,
6,LIG넥스원,"5,000","5,000","5,000","3,185",-,"-9,486","3,185","4,458","-9,486",145,203,-431,"13,200","11,000","11,000",-,-,-,414.40,246.80,-,1.90,1.50,0.90,-,-,-,-,-,-,-,-,-,600,500,500,-,-,-,-,-,-,-,-,-,,,,,,,,,,,,,,,,,,,,,,,,,,,,,,,,,,,,,,,,,,,,,,,,,,,,,,,,,,,,,,,,,,,,,,,,,,,,,,,,,,,,,,,,,,,,,
7,모토닉,500,500,500,"11,355","8,680","21,609","9,607","9,095","20,779",514,391,971,"6,601","6,625","7,775",-,-,-,68.72,72.84,37.42,3.40,2.98,3.79,-,-,-,-,-,-,-,-,-,300,300,350,-,-,-,-,-,-,-,-,-,,,,,,,,,,,,,,,,,,,,,,,,,,,,,,,,,,,,,,,,,,,,,,,,,,,,,,,,,,,,,,,,,,,,,,,,,,,,,,,,,,,,,,,,,,,,,
8,JW중외제약,"2,500","2,500","2,500","-25,275","8,057",-742,"-24,450","8,329","-1,357","-1,129",343,-75,"6,954","6,955","5,821",-,-,-,-,-,-,1.10,0.80,0.60,1.30,1.40,1.20,,,,,,,325,325,275,350,350,300,,,,,,,,,,-,-,-,,,,-,-,-,,,,-,-,-,,,,-,-,-,,,,,,,,,,,,,,,,,,,,,,,,,,,,,,,,,,,,,,,,,,,,,,,,,,,,,,,,,,,,,,,,,,,,,
9,제로투세븐,500,500,500,"9,326","-6,435","-19,853","10,859","-4,945","-12,902",473,-476,"-1,615",-,-,-,-,-,-,-,-,-,,,,,,,,,,,,,,,,,,,,,,,,,-,-,-,-,-,-,-,-,-,-,-,-,-,-,-,-,-,-,-,-,-,-,-,-,,,,,,,,,,,,,,,,,,,,,,,,,,,,,,,,,,,,,,,,,,,,,,,,,,,,,,,,,,,,,,,,,,,,,
10,삼익THK,500,500,500,-,-,-,"3,265","18,105","28,235",158,875,"1,364","3,105","6,210","8,280",-,-,-,95.10,34.30,29.33,,,,,,,,,,,,,,,,,,,,,,,,,1.30,3.10,1.90,-,-,-,150,300,400,-,-,-,-,-,-,-,-,-,-,-,-,-,-,-,,,,,,,,,,,,,,,,,,,,,,,,,,,,,,,,,,,,,,,,,,,,,,,,,,,,,,,,,,,,,,,,,,,,,
11,F&F,500,500,500,"110,200","109,174","74,888","118,423","106,608","74,707","7,158","7,089","4,863","15,337","10,010","10,010",-,-,-,13.92,9.17,13.37,0.93,1.62,1.55,,,,-,-,-,,,,"1,000",650,650,,,,-,-,-,,,,-,-,-,-,-,-,-,-,-,-,-,-,,,,,,,,,,,,,,,,,,,,,,,,,,,,,,,,,,,,,,,,,,,,,,,,,,,,,,,,,,,,,,,,,,,,,,,,,,,,,,,,,
12,동화약품,"1,000","1,000","1,000","9,394","10,068",-,"9,529","10,074","47,009",341,365,"1,700","3,313","3,313","4,141",-,-,-,35.27,32.91,8.81,,,,,,,,,,,,,,,,,,,,,,,,,1.48,1.35,1.60,-,-,-,120,120,150,-,-,-,-,-,-,-,-,-,-,-,-,-,-,-,,,,,,,,,,,,,,,,,,,,,,,,,,,,,,,,,,,,,,,,,,,,,,,,,,,,,,,,,,,,,,,,,,,,,
13,화승인더스트리,500,500,500,"58,951","20,312","36,458","18,236","23,187","5,475","1,092",370,663,"2,428","1,374","1,374",-,-,-,3.00,6.40,3.80,,,,,,,,,,,,,,,,,,,,,,,,,0.40,0.60,0.30,-,-,-,45,40,25,-,-,-,-,-,-,-,-,-,-,-,-,-,-,-,,,,,,,,,,,,,,,,,,,,,,,,,,,,,,,,,,,,,,,,,,,,,,,,,,,,,,,,,,,,,,,,,,,,,
14,피엔에이치테크,-,-,-,-,-,-,-,-,-,-,-,-,-,-,-,-,-,-,-,-,-,,,,,,,,,,,,,,,,,,,,,,,,,-,-,-,-,-,-,-,-,-,-,-,-,-,-,-,-,-,-,-,-,-,-,-,-,,,,,,,,,,,,,,,,,,,,,,,,,,,,,,,,,,,,,,,,,,,,,,,,,,,,,,,,,,,,,,,,,,,,,
15,한국정보통신,500,500,500,"24,527","24,963","24,918","22,726","25,797","24,868",649,651,645,-,-,-,-,-,-,-,-,-,-,-,-,-,-,-,-,-,-,-,-,-,-,-,-,-,-,-,-,-,-,-,-,-,,,,,,,,,,,,,,,,,,,,,,,,,,,,,,,,,,,,,,,,,,,,,,,,,,,,,,,,,,,,,,,,,,,,,,,,,,,,,,,,,,,,,,,,,,,,,
16,영화금속,500,500,500,264,"1,030","4,660",-,-,-,6,24,107,-,-,"1,308",-,-,-,-,-,28.08,-,-,2.14,-,-,-,-,-,-,-,-,-,-,-,30,-,-,-,-,-,-,-,-,-,,,,,,,,,,,,,,,,,,,,,,,,,,,,,,,,,,,,,,,,,,,,,,,,,,,,,,,,,,,,,,,,,,,,,,,,,,,,,,,,,,,,,,,,,,,,,
17,이수페타시스,"1,000","1,000","1,000","-91,099","-6,769","-14,049","-69,903","-7,297","-14,602","-2,291",-172,-355,"2,386","2,784","2,758",-,-,-,-,-,-,,,,,,,,,,,,,,,,,,,,,,,,,1.50,1.30,1.60,-,-,-,60,70,70,-,-,-,-,-,-,-,-,-,-,-,-,-,-,-,,,,,,,,,,,,,,,,,,,,,,,,,,,,,,,,,,,,,,,,,,,,,,,,,,,,,,,,,,,,,,,,,,,,,
18,대성파인텍,100,100,100,"1,219","2,973","2,150",200,"2,853","2,282",39,95,76,-,-,-,-,-,-,-,-,-,-,-,-,-,-,-,-,-,-,-,-,-,-,-,-,-,-,-,-,-,-,-,-,-,,,,,,,,,,,,,,,,,,,,,,,,,,,,,,,,,,,,,,,,,,,,,,,,,,,,,,,,,,,,,,,,,,,,,,,,,,,,,,,,,,,,,,,,,,,,,
19,라이프사이언스테크놀로지,500,500,500,-,-,-,"-2,733","-2,401","-1,601",-,-,-,-,-,-,-,-,-,-,-,-,-,-,-,-,-,-,-,-,-,-,-,-,-,-,-,-,-,-,-,-,-,-,-,-,,,,,,,,,,,,,,,,,,,,,,,,,,,,,,,,,,,,,,,,,,,,,,,,,,,,,,,,,,,,,,,,,,,,,,,,,,,,,,,,,,,,,,,,,,,,,
20,다스코,500,500,500,"2,461","18,160","18,649","3,055","18,050","18,631",163,"1,181","1,214",-,"3,054","3,850",-,-,-,-,16.90,20.60,-,2.44,3.80,-,-,-,-,-,-,-,-,-,-,200,250,-,-,-,-,-,-,-,-,-,,,,,,,,,,,,,,,,,,,,,,,,,,,,,,,,,,,,,,,,,,,,,,,,,,,,,,,,,,,,,,,,,,,,,,,,,,,,,,,,,,,,,,,,,,,,,
21,인산가,100,100,500,"3,154",-930,"3,231","2,879","-1,036","2,805",121,-45,167,793,488,339,-,-,-,25.36,-51.37,10.50,1.60,1.28,1.78,-,-,-,-,-,-,-,-,-,30,20,80,-,-,-,-,-,-,-,-,-,,,,,,,,,,,,,,,,,,,,,,,,,,,,,,,,,,,,,,,,,,,,,,,,,,,,,,,,,,,,,,,,,,,,,,,,,,,,,,,,,,,,,,,,,,,,,
22,태양금속공업,500,500,500,"-22,141","-5,440","-4,167","-15,806","2,516","1,091",-606,-148,-113,215,215,215,-,-,-,-,-,-,0.40,0.40,0.30,0.30,0.30,0.30,-,-,-,-,-,-,5,5,5,10,10,10,-,-,-,-,-,-,,,,,,,,,,,,,,,,,,,,,,,,,,,,,,,,,,,,,,,,,,,,,,,,,,,,,,,,,,,,,,,,,,,,,,,,,,,,,,,,,,,,,,,,,,,,,
23,엔에스컴퍼니,500,500,500,"-2,046","2,583","8,502",-,-,-,-519,656,"2,158",-,590,196,-,-,-,-,22.88,2.32,-,0.27,0.87,-,-,-,-,-,-,-,-,-,-,150,50,-,-,-,-,-,-,-,-,-,,,,,,,,,,,,,,,,,,,,,,,,,,,,,,,,,,,,,,,,,,,,,,,,,,,,,,,,,,,,,,,,,,,,,,,,,,,,,,,,,,,,,,,,,,,,,
24,유진로봇,500,500,500,"-21,415","-2,464","-4,065","-15,863",428,"-4,966",-474,-30,-191,-,-,-,-,-,-,-,-,-,,,,,,,,,,,,,,,,,,,,,,,,,-,-,-,-,-,-,-,-,-,-,-,-,-,-,-,-,-,-,-,-,-,-,-,-,,,,,,,,,,,,,,,,,,,,,,,,,,,,,,,,,,,,,,,,,,,,,,,,,,,,,,,,,,,,,,,,,,,,,
25,유수홀딩스,"2,500","2,500","2,500","4,072","9,013","-4,250","18,409","-25,043","-10,597",163,361,-170,-,-,-,-,-,-,-,-,-,-,-,-,-,-,-,-,-,-,-,-,-,-,-,-,-,-,-,-,-,-,-,-,-,,,,,,,,,,,,,,,,,,,,,,,,,,,,,,,,,,,,,,,,,,,,,,,,,,,,,,,,,,,,,,,,,,,,,,,,,,,,,,,,,,,,,,,,,,,,,
26,베뉴지,500,"5,000","5,000","3,583","2,340","-1,804","4,456",391,-416,89,582,-449,"1,206","1,206","1,206",-,-,-,33.60,51.50,-66.90,1.80,1.60,2.40,,,,-,-,-,,,,30,300,300,,,,-,-,-,,,,-,-,-,-,-,-,-,-,-,-,-,-,,,,,,,,,,,,,,,,,,,,,,,,,,,,,,,,,,,,,,,,,,,,,,,,,,,,,,,,,,,,,,,,,,,,,,,,,,,,,,,,,
27,동양철관,500,500,500,"1,779","-6,578","-30,607","1,003","-7,459","-28,494",15,-73,-354,-,-,-,-,-,-,-,-,-,,,,,,,,,,,,,,,,,,,,,,,,,-,-,-,-,-,-,-,-,-,-,-,-,-,-,-,-,-,-,-,-,-,-,-,-,,,,,,,,,,,,,,,,,,,,,,,,,,,,,,,,,,,,,,,,,,,,,,,,,,,,,,,,,,,,,,,,,,,,,
28,삼화전자공업,"1,000","1,000","1,000","-3,221","-4,270","-12,834","-2,703","-3,364","-13,284",-308,-422,"-2,706",-,-,-,-,-,-,-,-,-,,,,,,,,,,,,,,,,,,,,,,,,,-,-,-,-,-,-,-,-,-,-,-,-,-,-,-,-,-,-,-,-,-,-,-,-,,,,,,,,,,,,,,,,,,,,,,,,,,,,,,,,,,,,,,,,,,,,,,,,,,,,,,,,,,,,,,,,,,,,,
29,KBI메탈,500,500,500,"6,811","4,401","6,121","5,914","3,750","6,337",196,137,204,-,-,-,-,-,-,-,-,-,,,,,,,,,,,,,,,,,,,,,,,,,-,-,-,-,-,-,-,-,-,-,-,-,-,-,-,-,-,-,-,-,-,-,-,-,,,,,,,,,,,,,,,,,,,,,,,,,,,,,,,,,,,,,,,,,,,,,,,,,,,,,,,,,,,,,,,,,,,,,
30,케이맥,500,500,500,"-11,091","7,835","-7,158","-11,057","7,802","-7,403","-1,558","1,127",-791,-,-,-,-,-,-,-,-,-,,,,,,,,,,,,,,,,,,,,,,,,,-,-,-,-,-,-,-,-,-,-,-,-,-,-,-,-,-,-,-,-,-,-,-,-,,,,,,,,,,,,,,,,,,,,,,,,,,,,,,,,,,,,,,,,,,,,,,,,,,,,,,,,,,,,,,,,,,,,,
31,포스코,"5,000","5,000","5,000","1,982,637","1,690,612","2,790,106","1,175,712","1,072,592","2,545,685","22,823","20,911","34,464","801,156","800,009","639,991",-,-,-,43.70,47.30,22.90,4.10,4.10,2.40,-,-,-,-,-,-,-,-,-,"10,000","10,000","8,000",-,-,-,-,-,-,-,-,-,,,,,,,,,,,,,,,,,,,,,,,,,,,,,,,,,,,,,,,,,,,,,,,,,,,,,,,,,,,,,,,,,,,,,,,,,,,,,,,,,,,,,,,,,,,,,
32,SBS,"5,000","5,000","5,000","20,934","5,838","15,886","3,279","1,501","14,014","1,114",275,850,"2,654",-,"4,423",-,-,-,13.50,-,29.40,,,,,,,,,,,,,,,,,,,,,,,,,0.70,-,0.90,-,-,-,150,-,250,-,-,-,-,-,-,-,-,-,-,-,-,-,-,-,,,,,,,,,,,,,,,,,,,,,,,,,,,,,,,,,,,,,,,,,,,,,,,,,,,,,,,,,,,,,,,,,,,,,
33,두산인프라코어,"5,000","5,000","5,000","239,913","246,410","148,594","53,024","71,748","60,472","1,153","1,184",627,-,-,-,-,-,-,-,-,-,,,,,,,,,,,,,,,,,,,,,,,,,-,-,-,-,-,-,-,-,-,-,-,-,-,-,-,-,-,-,-,-,-,-,-,-,,,,,,,,,,,,,,,,,,,,,,,,,,,,,,,,,,,,,,,,,,,,,,,,,,,,,,,,,,,,,,,,,,,,,
34,아이에스동서,500,500,500,"66,057","245,201","195,174","63,711","240,405","180,384","2,141","7,961","6,355","21,600","36,982","33,872",-,-,-,32.70,15.10,17.40,2.20,3.90,3.10,-,-,-,-,-,-,-,-,-,700,"1,200","1,100",-,-,-,-,-,-,-,-,-,,,,,,,,,,,,,,,,,,,,,,,,,,,,,,,,,,,,,,,,,,,,,,,,,,,,,,,,,,,,,,,,,,,,,,,,,,,,,,,,,,,,,,,,,,,,,
35,하이트진로,"5,000","5,000","5,000","-42,349","22,249","12,682","-40,691","24,913","18,625",-610,319,182,"48,905","55,883","55,883",-,-,-,-115.48,251.17,440.64,2.50,4.50,3.30,4.20,5.70,4.50,-,-,-,-,-,-,700,800,800,750,850,850,-,-,-,-,-,-,,,,,,,,,,,,,,,,,,,,,,,,,,,,,,,,,,,,,,,,,,,,,,,,,,,,,,,,,,,,,,,,,,,,,,,,,,,,,,,,,,,,,,,,,,,,,
36,고려아연,"5,000","5,000","5,000","638,613","534,815","634,031","567,066","460,563","530,649","35,811","29,841","35,591","247,439","194,417","176,742",-,-,-,38.75,36.36,27.88,3.26,2.47,2.05,-,-,-,-,-,-,-,-,-,"14,000","11,000","10,000",-,-,-,-,-,-,-,-,-,,,,,,,,,,,,,,,,,,,,,,,,,,,,,,,,,,,,,,,,,,,,,,,,,,,,,,,,,,,,,,,,,,,,,,,,,,,,,,,,,,,,,,,,,,,,,
37,OCI,"5,000","5,000","5,000","-807,386","103,787","234,901","-717,595","70,724","168,896","-33,308","4,352","9,849",-,"20,272","46,506",-,-,-,-,19.50,19.80,,,,,,,,,,,,,,,,,,,,,,,,,-,0.80,1.50,-,-,-,-,850,"1,950",-,-,-,-,-,-,-,-,-,-,-,-,-,-,-,,,,,,,,,,,,,,,,,,,,,,,,,,,,,,,,,,,,,,,,,,,,,,,,,,,,,,,,,,,,,,,,,,,,,
38,기업은행,"5,000","5,000","5,000","1,614,261","1,764,278","1,508,528","1,392,834","1,511,006","1,314,082","2,242","2,531","2,178","382,614","410,107","405,956",-,-,-,28.02,25.73,26.91,5.40,4.60,3.70,-,-,-,-,-,-,-,-,-,670,690,617,670,690,617,-,-,-,-,-,-,,,,,,,,,,,,,,,,,,,,,,,,,,,,,,,,,,,,,,,,,,,,,,,,,,,,,,,,,,,,,,,,,,,,,,,,,,,,,,,,,,,,,,,,,,,,,
39,디에스티,100,100,100,"-17,979","-14,278","3,227","-17,963","-18,250","3,739",-327,-287,70,-,-,-,-,-,-,-,-,-,,,,,,,,,,,,,,,,,,,,,,,,,-,-,-,-,-,-,-,-,-,-,-,-,-,-,-,-,-,-,-,-,-,-,-,-,,,,,,,,,,,,,,,,,,,,,,,,,,,,,,,,,,,,,,,,,,,,,,,,,,,,,,,,,,,,,,,,,,,,,
40,바른테크놀로지,100,500,500,"-6,421","-5,121",-,"-6,275","-4,875","-3,353",-159,-157,-144,-,-,-,-,-,-,-,-,-,,,,,,,,,,,,,,,,,,,,,,,,,-,-,-,-,-,-,-,-,-,-,-,-,-,-,-,-,-,-,-,-,-,-,-,-,,,,,,,,,,,,,,,,,,,,,,,,,,,,,,,,,,,,,,,,,,,,,,,,,,,,,,,,,,,,,,,,,,,,,
41,디엔에이링크,500,500,500,"-13,118","-3,753",337,"-13,745","-3,751","1,361","-1,151",-350,46,-,-,-,-,-,-,-,-,-,,,,,,,,,,,,,,,,,,,,,,,,,-,-,-,-,-,-,-,-,-,-,-,-,-,-,-,-,-,-,-,-,-,-,-,-,,,,,,,,,,,,,,,,,,,,,,,,,,,,,,,,,,,,,,,,,,,,,,,,,,,,,,,,,,,,,,,,,,,,,
42,실리콘웍스,500,500,500,"38,539","48,960","47,064","38,240","48,931","46,458","2,370","3,010","2,894","13,499","13,499","11,385",-,-,-,35.00,27.60,24.20,2.10,2.50,1.40,-,-,-,-,-,-,-,-,-,830,830,700,-,-,-,-,-,-,-,-,-,,,,,,,,,,,,,,,,,,,,,,,,,,,,,,,,,,,,,,,,,,,,,,,,,,,,,,,,,,,,,,,,,,,,,,,,,,,,,,,,,,,,,,,,,,,,,
43,한국내화,500,500,500,"4,286","7,151","11,644","4,286","7,151","11,644",193,336,548,782,744,532,-,-,-,18.20,10.40,4.60,,,,,,,,,,,,,,,,,,,,,,,,,7.00,7.00,5.00,-,-,-,35,35,25,-,-,-,-,-,-,-,-,-,-,-,-,-,-,-,,,,,,,,,,,,,,,,,,,,,,,,,,,,,,,,,,,,,,,,,,,,,,,,,,,,,,,,,,,,,,,,,,,,,
44,롯데손해보험,"1,000","1,000","1,000",-,-,-,"-51,167","91,314","76,646",-325,666,540,-,-,"2,661",-,-,-,-,-,3.56,-,-,0.68,,,,,,,,,,-,-,20,,,,,,,,,,-,-,-,-,-,-,-,-,-,-,-,-,,,,-,-,-,,,,-,-,-,,,,,,,,,,,,,,,,,,,,,,,,,,,,,,,,,,,,,,,,,,,,,,,,,,,,,,,,,,,,,,,,,,,,,
45,세방,500,500,500,"5,494","43,533","31,413","-19,584","12,493","14,580",239,"1,893","1,365","4,009","4,009","4,009",-,-,-,72.98,9.21,12.76,1.55,1.42,1.41,2.76,2.82,2.31,-,-,-,-,-,-,175,175,175,180,180,180,-,-,-,-,-,-,,,,,,,,,,,,,,,,,,,,,,,,,,,,,,,,,,,,,,,,,,,,,,,,,,,,,,,,,,,,,,,,,,,,,,,,,,,,,,,,,,,,,,,,,,,,,
46,드림어스컴퍼니,500,500,500,"-48,006","-21,314","-14,092","-48,581","-22,011","-12,767",-856,-420,-388,-,-,-,-,-,-,-,-,-,-,-,-,-,-,-,-,-,-,-,-,-,-,-,-,-,-,-,-,-,-,-,-,-,,,,,,,,,,,,,,,,,,,,,,,,,,,,,,,,,,,,,,,,,,,,,,,,,,,,,,,,,,,,,,,,,,,,,,,,,,,,,,,,,,,,,,,,,,,,,
47,미코바이오메드,500,500,500,"-14,639","-8,756",-,"-13,171","-9,584","-13,001","-1,234",-848,-,-,-,-,-,-,-,-,-,-,,,,,,,,,,,,,,,,,,,,,,,,,-,-,-,-,-,-,-,-,-,-,-,-,-,-,-,-,-,-,-,-,-,-,-,-,,,,,,,,,,,,,,,,,,,,,,,,,,,,,,,,,,,,,,,,,,,,,,,,,,,,,,,,,,,,,,,,,,,,,
48,한익스프레스,500,500,500,"5,743","5,296","6,696","2,955","6,003","7,384",479,441,558,840,720,960,-,-,-,14.63,13.60,14.34,1.65,1.40,1.74,,,,-,-,-,,,,70,60,80,,,,-,-,-,,,,-,-,-,-,-,-,-,-,-,-,-,-,,,,,,,,,,,,,,,,,,,,,,,,,,,,,,,,,,,,,,,,,,,,,,,,,,,,,,,,,,,,,,,,,,,,,,,,,,,,,,,,,
49,평화홀딩스,500,500,500,"-21,766","-63,597","-5,487","-3,559","13,694","5,472",-957,"-2,751",-139,"2,078","2,077","2,077",-,-,-,-,-,-,4.18,2.39,4.34,-,-,-,-,-,-,-,-,-,150,150,150,-,-,-,-,-,-,-,-,-,,,,,,,,,,,,,,,,,,,,,,,,,,,,,,,,,,,,,,,,,,,,,,,,,,,,,,,,,,,,,,,,,,,,,,,,,,,,,,,,,,,,,,,,,,,,,
50,평화산업,500,500,500,"-7,210","-44,077","-7,925","-10,565","-42,611","-7,079",-165,"-1,184",-213,-,-,-,-,-,-,-,-,-,-,-,-,-,-,-,-,-,-,-,-,-,-,-,-,-,-,-,-,-,-,-,-,-,,,,,,,,,,,,,,,,,,,,,,,,,,,,,,,,,,,,,,,,,,,,,,,,,,,,,,,,,,,,,,,,,,,,,,,,,,,,,,,,,,,,,,,,,,,,,
51,BNK금융지주,"5,000","5,000","5,000","562,225","502,095","403,100","91,575","29,074","131,203","1,647","1,475","1,200","117,331","97,776","74,962",-,-,-,20.87,19.47,18.60,,,,,,,,,,,,,,,,,,,,,,,,,4.59,3.92,2.41,-,-,-,360,300,230,-,-,-,-,-,-,-,-,-,-,-,-,-,-,-,,,,,,,,,,,,,,,,,,,,,,,,,,,,,,,,,,,,,,,,,,,,,,,,,,,,,,,,,,,,,,,,,,,,,
52,라온테크,500,500,500,-,-,-,"-1,432",-248,-820,-,-,-,-,-,-,-,-,-,-,-,-,-,-,-,,,,-,-,-,,,,-,-,-,,,,-,-,-,,,,,,,,,,,,,,,,,,,,,,,,,,,,-,-,-,-,-,-,-,-,-,-,-,-,,,,,,,,,,,,,,,,,,,,,,,,,,,,,,,,,,,,,,,,,,,,,,,,,,,,,,,,,
53,동화기업,500,500,500,"27,701","35,074","34,221","27,807","35,083","35,484","1,581","2,004","1,978","2,629","2,921","4,037",-,"2,921",-,9.48,8.32,11.80,0.92,0.79,1.10,,,,-,2.06,-,,,,150,250,350,,,,-,1,-,,,,-,-,-,-,-,-,-,-,-,-,-,-,,,,,,,,,,,,,,,,,,,,,,,,,,,,,,,,,,,,,,,,,,,,,,,,,,,,,,,,,,,,,,,,,,,,,,,,,,,,,,,,,
54,영원무역홀딩스,500,500,500,"120,951","86,249","71,594","14,929","13,295","10,629","10,421","7,432","6,169","11,605","9,284","6,963",-,-,-,9.60,10.80,9.70,,,,,,,,,,,,,,,,,,,,,,,,,2.00,1.20,1.10,-,-,-,"1,000",800,600,-,-,-,-,-,-,-,-,-,-,-,-,-,-,-,,,,,,,,,,,,,,,,,,,,,,,,,,,,,,,,,,,,,,,,,,,,,,,,,,,,,,,,,,,,,,,,,,,,,
55,효성,"5,000","5,000","5,000","103,683","3,357,772","325,574","43,811","3,019,516","316,067","5,100","154,807","9,786","101,654","101,654","166,343",-,-,-,98.00,3.00,51.10,6.00,8.40,3.60,-,-,-,-,-,-,-,-,-,"5,000","5,000","5,000",-,-,-,-,-,-,-,-,-,,,,,,,,,,,,,,,,,,,,,,,,,,,,,,,,,,,,,,,,,,,,,,,,,,,,,,,,,,,,,,,,,,,,,,,,,,,,,,,,,,,,,,,,,,,,,
56,멕아이씨에스,500,500,500,"-1,689","-2,756","-1,959","-1,000","-2,809","-1,307",-267,-505,-363,-,-,-,-,-,-,-,-,-,,,,,,,,,,,,,,,,,,,,,,,,,-,-,-,-,-,-,-,-,-,-,-,-,-,-,-,-,-,-,-,-,-,-,-,-,,,,,,,,,,,,,-,-,-,,,,,,,,,,,,,,,,,,,,,,,,,,,,,,,,,,,,,,,,,,,,,,,,,,,,,,
57,아이디스홀딩스,500,500,500,"-13,477","53,200","30,867","-11,073","5,620","2,583","-1,203","2,389",494,"1,854","1,854","1,390",-,-,-,-13.80,3.50,4.50,1.68,1.56,1.02,-,-,-,-,-,-,-,-,-,200,200,150,-,-,-,-,-,-,-,-,-,,,,,,,,,,,,,,,,,,,,,,,,,,,,,,,,,,,,,,,,,,,,,,,,,,,,,,,,,,,,,,,,,,,,,,,,,,,,,,,,,,,,,,,,,,,,,
58,케이에스피,500,500,500,"1,641","-10,395","-3,749","1,641","-10,395","-3,749",46,"-1,711",-537,-,-,-,-,-,-,-,-,-,,,,,,,,,,,,,,,,,,,,,,,,,-,-,-,-,-,-,-,-,-,-,-,-,-,-,-,-,-,-,-,-,-,-,-,-,,,,,,,,,,,,,,,,,,,,,,,,,,,,,,,,,,,,,,,,,,,,,,,,,,,,,,,,,,,,,,,,,,,,,
59,LG생활건강,"5,000","5,000","5,000","778,098","682,743","606,412","622,868","605,849","595,638","46,431","40,740","36,184","184,421","155,098","150,909",-,-,-,23.70,22.70,24.90,,,,,,,,,,,,,"11,000","9,250","9,000","11,050","9,300","9,050",,,,,,,0.90,0.80,0.80,-,-,-,,,,-,-,-,1.40,1.40,1.30,-,-,-,,,,-,-,-,,,,,,,,,,,,,,,,,,,,,,,,,,,,,,,,,,,,,,,,,,,,,,,,,,,,,,,,,,,,,,,,,,,,,
60,남양유업,"5,000","5,000","5,000","29,231","2,015","5,021","18,115","9,126","4,595","34,527","2,371","5,922",855,855,855,-,-,-,2.90,42.40,17.00,0.20,0.20,0.10,0.70,0.50,0.50,-,-,-,-,-,-,"1,000","1,000","1,000","1,050","1,050","1,050",-,-,-,-,-,-,,,,,,,,,,,,,,,,,,,,,,,,,,,,,,,,,,,,,,,,,,,,,,,,,,,,,,,,,,,,,,,,,,,,,,,,,,,,,,,,,,,,,,,,,,,,,
61,대원산업,500,500,500,"39,078","28,082","33,962","26,841","28,881","29,663","1,950","1,404","1,695","2,505","2,505","2,505",-,-,-,6.41,8.92,7.37,2.10,2.30,1.50,,,,-,-,-,,,,125,125,125,,,,-,-,-,,,,-,-,-,-,-,-,-,-,-,-,-,-,,,,,,,,,,,,,,,,,,,,,,,,,,,,,,,,,,,,,,,,,,,,,,,,,,,,,,,,,,,,,,,,,,,,,,,,,,,,,,,,,
62,성안,500,500,500,"-16,206","-13,022","-8,718","-25,064","-5,027","-5,184",-214,-189,-166,-,-,-,-,-,-,-,-,-,,,,,,,,,,,,,,,,,,,,,,,,,-,-,-,-,-,-,-,-,-,-,-,-,-,-,-,-,-,-,-,-,-,-,-,-,,,,,,,,,,,,,-,-,-,,,,,,,,,,,,,,,,,,,,,,,,,,,,,,,,,,,,,,,,,,,,,,,,,,,,,,
63,상신브레이크,500,500,500,"5,491","9,918","24,137","11,919","16,979","21,661",210,423,"1,190","1,936","1,936","3,291",-,-,-,47.70,23.60,13.60,,,,,,,,,,,,,,,,,,,,,,,,,2.80,2.40,2.20,-,-,-,100,100,170,-,-,-,-,-,-,-,-,-,-,-,-,-,-,-,,,,,,,,,,,,,,,,,,,,,,,,,,,,,,,,,,,,,,,,,,,,,,,,,,,,,,,,,,,,,,,,,,,,,
64,대원전선,500,500,500,-818,"1,239",685,-405,"1,239",653,-12,18,10,-,-,-,-,-,-,-,-,-,,,,,,,,,,,,,,,,,,,,,,,,,-,-,-,-,-,-,-,-,-,-,-,-,-,-,-,-,-,-,-,-,-,-,-,-,,,,,,,,,,,,,,,,,,,,,,,,,,,,,,,,,,,,,,,,,,,,,,,,,,,,,,,,,,,,,,,,,,,,,
65,디에스케이,500,500,500,"3,892","17,027","-34,362","10,096","20,132","-25,604",308,980,"-1,744",-,-,500,-,-,-,-,-,-,,,,,,,,,,,,,,,,,,,,,,,,,-,-,-,-,-,-,-,-,-,-,-,-,-,-,-,-,-,-,-,-,-,-,-,-,,,,,,,,,,,,,,,,,,,,,,,,,,,,,,,,,,,,,,,,,,,,,,,,,,,,,,,,,,,,,,,,,,,,,
66,테크트랜스,100,100,100,-,-,-,"-2,152","-2,010","-2,015",-,-,-,-,-,-,-,-,-,-,-,-,-,-,-,-,-,-,-,-,-,-,-,-,-,-,-,-,-,-,-,-,-,-,-,-,,,,,,,,,,,,,,,,,,,,,,,,,,,,,,,,,,,,,,,,,,,,,,,,,,,,,,,,,,,,,,,,,,,,,,,,,,,,,,,,,,,,,,,,,,,,,
67,S&T중공업,"2,500","2,500","2,500","16,645","19,818","-30,924","19,378","16,333","-28,426",622,712,"-1,003","8,026","5,195",-,-,"1,948",-,48.20,26.20,-,4.50,2.70,-,,,,-,1.80,-,,,,300,200,-,,,,-,0,-,,,,-,-,-,-,-,-,-,-,-,-,-,-,,,,,,,,,,,,,,,,,,,,,,,,,,,,,,,,,,,,,,,,,,,,,,,,,,,,,,,,,,,,,,,,,,,,,,,,,,,,,,,,,
68,에스제이엠홀딩스,500,500,500,"4,920","3,074","15,312","4,972","3,468","15,330",363,227,"1,130","2,372","2,033","2,710",-,-,-,48.20,66.10,17.70,5.30,4.40,4.10,-,-,-,-,-,-,-,-,-,175,150,200,-,-,-,-,-,-,-,-,-,,,,,,,,,,,,,,,,,,,,,,,,,,,,,,,,,,,,,,,,,,,,,,,,,,,,,,,,,,,,,,,,,,,,,,,,,,,,,,,,,,,,,,,,,,,,,
69,제일파마홀딩스,500,500,500,"-95,854","7,301","520,875","-85,608","5,266","518,364","-5,906","1,363","139,117","1,075","1,075",223,-,-,-,-,14.70,0.04,0.40,0.30,0.20,,,,-,-,-,,,,70,70,60,,,,-,-,-,,,,-,-,-,-,-,-,-,-,-,-,-,-,,,,,,,,,,,,,,,,,,,,,,,,,,,,,,,,,,,,,,,,,,,,,,,,,,,,,,,,,,,,,,,,,,,,,,,,,,,,,,,,,
70,이엑스티,100,100,100,"-4,873","3,078",0,"-2,564","3,433","3,470",-180,120,0,0,"1,583","1,427",0,0,0,0.00,51.45,0.00,0.00,2.30,4.22,0.00,0.00,0.00,0.00,0.00,0.00,0.00,0.00,0.00,0,60,80,0,0,0,0,0,0,0,0,0,,,,,,,,,,,,,,,,,,,,,,,,,,,,,,,,,,,,,,,,,,,,,,,,,,,,,,,,,,,,,,,,,,,,,,,,,,,,,,,,,,,,,,,,,,,,,
71,이건산업,"5,000","5,000","5,000",781,"6,180","5,338","6,230","-3,466","2,729",73,648,570,"2,142","2,150","2,313",-,-,-,274.10,34.80,43.30,2.80,1.90,2.60,-,-,-,-,-,-,-,-,-,200,200,250,-,-,-,-,-,-,-,-,-,,,,,,,,,,,,,,,,,,,,,,,,,,,,,,,,,,,,,,,,,,,,,,,,,,,,,,,,,,,,,,,,,,,,,,,,,,,,,,,,,,,,,,,,,,,,,
72,골프존데카,500,500,500,"-6,450","-1,940","-3,619","-5,500","-1,219","-4,033","-1,569",-476,-929,-,-,-,-,-,-,-,-,-,,,,,,,,,,,,,,,,,,,,,,,,,-,-,-,-,-,-,-,-,-,-,-,-,-,-,-,-,-,-,-,-,-,-,-,-,,,,,,,,,,,,,,,,,,,,,,,,,,,,,,,,,,,,,,,,,,,,,,,,,,,,,,,,,,,,,,,,,,,,,
73,CJ프레시웨이,"1,000","1,000","1,000","5,149","13,705","-1,536","22,376","11,791","-5,778",434,"1,154",-129,"2,968","2,374","2,374",-,-,-,57.60,17.30,-154.60,0.90,0.70,0.50,-,-,-,-,-,-,-,-,-,250,200,200,-,-,-,-,-,-,-,-,-,,,,,,,,,,,,,,,,,,,,,,,,,,,,,,,,,,,,,,,,,,,,,,,,,,,,,,,,,,,,,,,,,,,,,,,,,,,,,,,,,,,,,,,,,,,,,
74,엠벤처투자,500,500,500,"9,098","2,346","-6,443","4,992","1,325","-6,865",133,36,-108,-,-,-,-,-,-,-,-,-,,,,,,,,,,,,,,,,,,,,,,,,,-,-,-,-,-,-,-,-,-,-,-,-,-,-,-,-,-,-,-,-,-,-,-,-,,,,,,,,,,,,,,,,,,,,,,,,,,,,,,,,,,,,,,,,,,,,,,,,,,,,,,,,,,,,,,,,,,,,,
75,무학,200,200,200,"23,700","-20,263","51,507","24,452","-19,122","51,673",849,-719,"1,839",-,"9,865","9,865",-,-,-,-,-48.69,19.15,-,2.57,1.78,,,,-,-,-,,,,-,350,350,,,,-,-,-,,,,-,-,-,-,-,-,-,-,-,-,-,-,,,,,,,,,,,,,,,,,,,,,,,,,,,,,,,,,,,,,,,,,,,,,,,,,,,,,,,,,,,,,,,,,,,,,,,,,,,,,,,,,
76,내츄럴엔도텍,500,500,500,"-16,008","-23,238","-8,861","-15,323","-16,506","-9,645",-655,-963,-455,-,-,-,-,-,-,-,-,-,,,,,,,,,,,,,,,,,,,,,,,,,-,-,-,-,-,-,-,-,-,-,-,-,-,-,-,-,-,-,-,-,-,-,-,-,,,,,,,,,,,,,,,,,,,,,,,,,,,,,,,,,,,,,,,,,,,,,,,,,,,,,,,,,,,,,,,,,,,,,
77,한진칼,"2,500","2,500","2,500","-243,001","-33,524","227,463","32,069","37,869","238,884","-4,070",-562,"3,931","15,237","17,923","7,476",-,-,-,-6.30,-53.50,3.30,0.60,0.90,0.70,0.60,1.40,1.30,-,-,-,-,-,-,255,300,125,280,325,150,-,-,-,-,-,-,,,,,,,,,,,,,,,,,,,,,,,,,,,,,,,,,,,,,,,,,,,,,,,,,,,,,,,,,,,,,,,,,,,,,,,,,,,,,,,,,,,,,,,,,,,,,
78,호텔신라,"5,000","5,000","5,000","169,428","110,308","25,286","134,734","92,576","22,348","4,483","2,913",667,"13,286","13,286","13,286",-,-,-,7.84,12.04,52.54,0.41,0.47,0.43,0.78,0.87,0.79,,,,,,,350,350,350,400,400,400,,,,,,,,,,-,-,-,,,,-,-,-,,,,-,-,-,,,,-,-,-,,,,,,,,,,,,,,,,,,,,,,,,,,,,,,,,,,,,,,,,,,,,,,,,,,,,,,,,,,,,,,,,,,,,,
79,동진쎄미켐,500,500,500,"58,526","47,704","44,803","44,753","39,569","37,822","1,138",928,900,"4,627","4,627","4,627",-,-,-,7.91,9.70,10.33,0.56,1.24,0.43,-,-,-,-,-,-,-,-,-,90,90,90,-,-,-,-,-,-,-,-,-,,,,,,,,,,,,,,,,,,,,,,,,,,,,,,,,,,,,,,,,,,,,,,,,,,,,,,,,,,,,,,,,,,,,,,,,,,,,,,,,,,,,,,,,,,,,,
80,컨버즈,500,500,500,"-15,957","-20,922","-18,245","-18,238","-19,162","-6,432","-8,644","-15,378","-1,846",-,-,-,-,-,-,-,-,-,-,-,-,-,-,-,-,-,-,-,-,-,-,-,-,-,-,-,-,-,-,-,-,-,,,,,,,,,,,,,,,,,,,,,,,,,,,,,,,,,,,,,,,,,,,,,,,,,,,,,,,,,,,,,,,,,,,,,,,,,,,,,,,,,,,,,,,,,,,,,
81,메디젠휴먼케어,500,500,500,"-3,536","-2,315",-968,"-3,513","-2,312",-968,"-1,534","-1,004",-420,-,-,-,-,-,-,-,-,-,,,,,,,,,,,,,,,,,,,,,,,,,-,-,-,-,-,-,-,-,-,-,-,-,-,-,-,-,-,-,-,-,-,-,-,-,,,,,,,,,,,,,,,,,,,,,,,,,,,,,,,,,,,,,,,,,,,,,,,,,,,,,,,,,,,,,,,,,,,,,
82,에스케이씨에스,500,500,500,-,-,-,-83,"-1,046","-4,615",-31,-387,"-1,709",-,-,-,-,-,-,-,-,-,,,,,,,,,,,,,,,,,,,,,,,,,-,-,-,-,-,-,-,-,-,-,-,-,-,-,-,-,-,-,-,-,-,-,-,-,,,,,,,,,,,,,,,,,,,,,,,,,,,,,,,,,,,,,,,,,,,,,,,,,,,,,,,,,,,,,,,,,,,,,
83,이그잭스,500,500,500,"-1,000","-2,242","-9,348","-1,750","-3,051","-9,147",-14,-46,-277,-,-,-,-,-,-,-,-,-,,,,,,,,,,,,,,,,,,,,,,,,,-,-,-,-,-,-,-,-,-,-,-,-,-,-,-,-,-,-,-,-,-,-,-,-,,,,,,,,,,,,,,,,,,,,,,,,,,,,,,,,,,,,,,,,,,,,,,,,,,,,,,,,,,,,,,,,,,,,,
84,LS네트웍스,"5,000","5,000","5,000","-69,085","16,299","20,601","-41,559","-14,302","8,334",-940,222,280,-,-,-,-,-,-,-,-,-,-,-,-,-,-,-,-,-,-,-,-,-,-,-,-,-,-,-,-,-,-,-,-,-,,,,,,,,,,,,,,,,,,,,,,,,,,,,,,,,,,,,,,,,,,,,,,,,,,,,,,,,,,,,,,,,,,,,,,,,,,,,,,,,,,,,,,,,,,,,,
85,원익QnC,500,500,500,"2,606","40,511","28,925","15,571","33,684","20,864",99,"1,541","1,100",-,-,-,-,-,-,-,-,-,,,,,,,,,,,,,,,,,,,,,,,,,-,-,-,-,-,-,-,-,-,-,-,-,-,-,-,-,-,-,-,-,-,-,-,-,,,,,,,,,,,,,,,,,,,,,,,,,,,,,,,,,,,,,,,,,,,,,,,,,,,,,,,,,,,,,,,,,,,,,
86,원익홀딩스,500,500,500,"48,982","96,370","80,652","2,740","29,343","27,309",444,"1,016",961,-,-,-,-,-,-,-,-,-,,,,,,,,,,,,,,,,,,,,,,,,,-,-,-,-,-,-,-,-,-,-,-,-,-,-,-,-,-,-,-,-,-,-,-,-,,,,,,,,,,,,,,,,,,,,,,,,,,,,,,,,,,,,,,,,,,,,,,,,,,,,,,,,,,,,,,,,,,,,,
87,태영건설,500,500,500,"99,504","244,140","123,275","115,133","133,888","59,099","1,326","2,770","1,321","10,638","8,867","6,388",-,-,-,11.70,4.68,5.18,1.34,1.10,0.98,2.32,2.33,1.93,-,-,-,-,-,-,150,125,90,155,130,95,-,-,-,-,-,-,,,,,,,,,,,,,,,,,,,,,,,,,,,,,,,,,,,,,,,,,,,,,,,,,,,,,,,,,,,,,,,,,,,,,,,,,,,,,,,,,,,,,,,,,,,,,
88,형지I&C,500,500,500,-88,-,"-25,933",-88,"-6,228","-27,564",-2,-160,-666,-,-,-,-,-,-,-,-,-,,,,,,,,,,,,,,,,,,,,,,,,,-,-,-,-,-,-,-,-,-,-,-,-,-,-,-,-,-,-,-,-,-,-,-,-,,,,,,,,,,,,,,,,,,,,,,,,,,,,,,,,,,,,,,,,,,,,,,,,,,,,,,,,,,,,,,,,,,,,,
89,동양생명,"5,000","5,000","5,000","115,226","54,766","190,007","151,542","51,318","184,405",739,351,"1,327","35,847","15,586","56,109",-,-,-,31.10,28.50,29.50,5.30,2.10,4.50,,,,-,-,-,,,,230,100,360,,,,-,-,-,,,,,,,,,,,,,,,,,,,,,,,,,,,,-,-,-,-,-,-,-,-,-,-,-,-,,,,,,,,,,,,,,,,,,,,,,,,,,,,,,,,,,,,,,,,,,,,,,,,,,,,,,,,,
90,이베스트투자증권,"5,000","5,000","5,000","51,536","34,048",-,"51,980","34,552","38,844","1,132",960,"1,086","17,390","17,172","17,255",-,-,-,33.74,50.43,44.42,5.49,5.47,4.49,-,-,-,-,-,-,-,-,-,345,485,485,-,-,-,-,-,-,-,-,-,,,,,,,,,,,,,,,,,,,,,,,,,,,,,,,,,,,,,,,,,,,,,,,,,,,,,,,,,,,,,,,,,,,,,,,,,,,,,,,,,,,,,,,,,,,,,
91,상상인인더스트리,500,500,500,"-11,590",-,"-9,828","-10,374","-122,820","-3,510",-281,"-3,133",-316,-,-,-,-,-,-,-,-,-,-,-,-,-,-,-,-,-,-,-,-,-,-,-,-,-,-,-,-,-,-,-,-,-,,,,,,,,,,,,,,,,,,,,,,,,,,,,,,,,,,,,,,,,,,,,,,,,,,,,,,,,,,,,,,,,,,,,,,,,,,,,,,,,,,,,,,,,,,,,,
92,아이엠,500,500,500,"-20,221","-18,641","-3,688","-20,221","-18,643","-3,688",-505,-628,-165,-,-,-,-,-,-,-,-,-,-,-,-,,,,-,-,-,,,,-,-,-,,,,-,-,-,,,,-,-,-,-,-,-,-,-,-,-,-,-,,,,,,,,,,,,,,,,,,,,,,,,,,,,,,,,,,,,,,,,,,,,,,,,,,,,,,,,,,,,,,,,,,,,,,,,,,,,,,,,,
93,엔씨소프트,500,500,500,"358,174","418,185","440,967","307,492","438,426","471,574","17,387","19,831","20,756","107,571","124,584","154,703",-,-,-,30.00,29.80,35.10,1.00,1.30,1.70,-,-,-,-,-,-,-,-,-,"5,220","6,050","7,280",-,-,-,-,-,-,-,-,-,,,,,,,,,,,,,,,,,,,,,,,,,,,,,,,,,,,,,,,,,,,,,,,,,,,,,,,,,,,,,,,,,,,,,,,,,,,,,,,,,,,,,,,,,,,,,
94,삼영화학공업,500,500,500,"-1,893","-7,812","-31,805","-2,012","-6,889","-21,471",-59,-203,-632,-,-,-,-,-,-,-,-,-,,,,,,,,,,,,,,,,,,,,,,,,,-,-,-,-,-,-,-,-,-,-,-,-,-,-,-,-,-,-,-,-,-,-,-,-,,,,,,,,,,,,,,,,,,,,,,,,,,,,,,,,,,,,,,,,,,,,,,,,,,,,,,,,,,,,,,,,,,,,,
95,주연테크,100,100,100,"-4,581","-4,826","-6,185","-4,526","-4,278","-5,296",-46,-51,-95,-,-,-,-,-,-,-,-,-,,,,,,,,,,,,,,,,,,,,,,,,,-,-,-,-,-,-,-,-,-,-,-,-,-,-,-,-,-,-,-,-,-,-,-,-,,,,,,,,,,,,,,,,,,,,,,,,,,,,,,,,,,,,,,,,,,,,,,,,,,,,,,,,,,,,,,,,,,,,,
96,평화정공,500,500,500,"31,622","44,832","74,521","23,551","41,434","59,034","1,506","2,135","3,548","3,780","3,359","3,359",-,-,-,11.95,7.49,4.51,,,,,,,,,,,,,,,,,,,,,,,,,2.20,2.30,1.50,-,-,-,180,160,160,-,-,-,-,-,-,-,-,-,-,-,-,-,-,-,,,,,,,,,,,,,,,,,,,,,,,,,,,,,,,,,,,,,,,,,,,,,,,,,,,,,,,,,,,,,,,,,,,,,
97,이엠코리아,500,500,500,"-15,952","-2,725","-2,433","-7,328","2,252","1,161",-439,-66,-89,-,-,-,-,-,-,-,-,-,,,,,,,,,,,,,,,,,,,,,,,,,-,-,-,-,-,-,-,-,-,-,-,-,-,-,-,-,-,-,-,-,-,-,-,-,,,,,,,,,,,,,,,,,,,,,,,,,,,,,,,,,,,,,,,,,,,,,,,,,,,,,,,,,,,,,,,,,,,,,
98,SK텔레콤,500,500,500,"889,907","3,127,887","2,599,829","980,338","933,902","1,331,114","12,144","44,066","36,582","730,098","717,438","706,091",-,-,-,82.00,22.90,27.20,,,,,,,,,,,,,,,,,,,,,,,,,4.10,3.70,3.60,-,-,-,"10,000","10,000","10,000",-,-,-,-,-,-,-,-,-,-,-,-,-,-,-,,,,,,,,,,,,,,,,,,,,,,,,,,,,,,,,,,,,,,,,,,,,,,,,,,,,,,,,,,,,,,,,,,,,,
99,진원생명과학,"1,000","1,000","1,000","-7,619","-11,898","-23,730","-9,959","-14,046","-21,848",-356,-567,"-1,329",-,-,-,-,-,-,-,-,-,,,,,,,,,,,,,,,,,,,,,,,,,-,-,-,-,-,-,-,-,-,-,-,-,-,-,-,-,-,-,-,-,-,-,-,-,,,,,,,,,,,,,,,,,,,,,,,,,,,,,,,,,,,,,,,,,,,,,,,,,,,,,,,,,,,,,,,,,,,,,
100,한국주강,500,500,500,-,-,-,"-13,564","-10,120","-4,725","-1,217",-908,-424,-,-,-,-,-,-,-,-,-,-,-,-,-,-,-,-,-,-,-,-,-,-,-,-,-,-,-,-,-,-,-,-,-,,,,,,,,,,,,,,,,,,,,,,,,,,,,,,,,,,,,,,,,,,,,,,,,,,,,,,,,,,,,,,,,,,,,,,,,,,,,,,,,,,,,,,,,,,,,,
101,케이피에프,500,500,500,"7,613","9,342","12,829","7,380","7,235","7,026",480,646,912,"2,612","2,344","2,094",-,-,-,34.31,25.09,16.32,,,,,,,,,,,,,,,,,,,,,,,,,3.42,3.83,3.08,-,-,-,160,160,150,-,-,-,-,-,-,-,-,-,-,-,-,-,-,-,,,,,,,,,,,,,,,,,,,,,,,,,,,,,,,,,,,,,,,,,,,,,,,,,,,,,,,,,,,,,,,,,,,,,
102,좋은사람들,500,500,500,"-10,377","3,617","-9,909","-10,338","2,991","-8,815",-351,138,-392,-,-,-,-,-,-,-,-,-,,,,,,,,,,,,,,,,,,,,,,,,,-,-,-,-,-,-,-,-,-,-,-,-,-,-,-,-,-,-,-,-,-,-,-,-,,,,,,,,,,,,,,,,,,,,,,,,,,,,,,,,,,,,,,,,,,,,,,,,,,,,,,,,,,,,,,,,,,,,,
103,파이오링크,500,500,500,"5,622",363,"-2,968",-,-,"-3,003",868,57,-376,648,-,-,-,-,-,11.50,-,-,1.20,-,-,-,-,-,-,-,-,-,-,-,100,-,-,-,-,-,-,-,-,-,-,-,,,,,,,,,,,,,,,,,,,,,,,,,,,,,,,,,,,,,,,,,,,,,,,,,,,,,,,,,,,,,,,,,,,,,,,,,,,,,,,,,,,,,,,,,,,,,
104,오파스넷,500,500,500,"-11,878","2,289","3,080",-,-,-,"-2,950",680,"1,061",-,-,-,-,-,-,-,-,-,-,-,-,-,-,-,-,-,-,-,-,-,-,-,-,-,-,-,-,-,-,-,-,-,,,,,,,,,,,,,,,,,,,,,,,,,,,,,,,,,,,,,,,,,,,,,,,,,,,,,,,,,,,,,,,,,,,,,,,,,,,,,,,,,,,,,,,,,,,,,
105,하이트론씨스템즈,"2,500","2,500","2,500","-17,825",717,"-11,370","-17,938",742,"-12,294","-3,602",150,"-2,423",-,-,-,-,-,-,-,-,-,-,-,-,-,-,-,-,-,-,-,-,-,-,-,-,-,-,-,-,-,-,-,-,-,,,,,,,,,,,,,,,,,,,,,,,,,,,,,,,,,,,,,,,,,,,,,,,,,,,,,,,,,,,,,,,,,,,,,,,,,,,,,,,,,,,,,,,,,,,,,
106,시노펙스,500,500,500,"6,184",594,"-13,790","3,390","-1,399","3,396",89,10,-217,-,-,-,-,-,-,-,-,-,,,,,,,,,,,,,,,,,,,,,,,,,-,-,-,-,-,-,-,-,-,-,-,-,-,-,-,-,-,-,-,-,-,-,-,-,,,,,,,,,,,,,,,,,,,,,,,,,,,,,,,,,,,,,,,,,,,,,,,,,,,,,,,,,,,,,,,,,,,,,
107,파미셀,500,500,500,-,-,-,"4,347","-12,681","-21,961",-,-,-,-,-,-,-,-,-,-,-,-,,,,,,,,,,,,,,,,,,,,,,,,,-,-,-,-,-,-,-,-,-,-,-,-,-,-,-,-,-,-,-,-,-,-,-,-,,,,,,,,,,,,,,,,,,,,,,,,,,,,,,,,,,,,,,,,,,,,,,,,,,,,,,,,,,,,,,,,,,,,,
108,NHN한국사이버결제,500,500,500,"24,476","16,780","10,203","23,557","17,462","9,844","1,109",800,"56,533","4,987","3,162",-,-,527,950,4.92,5.39,-,1.03,1.21,-,-,-,-,-,-,0.03,-,-,-,-,150,-,-,-,-,-,0,0,-,-,-,,,,,,,,,,,,,,,,,,,,,,,,,,,,,,,,,,,,,,,,,,,,,,,,,,,,,,,,,,,,,,,,,,,,,,,,,,,,,,,,,,,,,,,,,,,,,
109,삼광글라스,"5,000","5,000","5,000",427,"-11,514","4,091","-8,277","-28,300","-7,481",-42,"-2,372","1,064","4,473","1,987",942,-,-,-,#######,-17.20,18.20,,,,,,,,,,,,,,,,,,,,,,,,,,,,,,,,,,,,,,,,,,,,,,,,,-,-,-,-,-,-,-,-,-,-,-,-,,,,3.30,2.60,0.60,-,-,-,"1,000",750,350,-,-,-,,,,,,,,,,,,,,,,,,,,,,,,,,,,,,,,,,,,,,,,,,
110,우진비앤지,500,500,500,"-13,552","-6,632","-4,190","-11,953","-5,632","-4,190",-520,-418,-324,-,-,-,-,-,268,-,-,-,-,-,-,,,,-,-,5.00,,,,-,-,-,,,,-,-,0,,,,-,-,-,-,-,-,-,-,-,-,-,-,,,,,,,,,,,,,,,,,,,,,,,,,,,,,,,,,,,,,,,,,,,,,,,,,,,,,,,,,,,,,,,,,,,,,,,,,,,,,,,,,
111,한진중공업,"5,000","5,000","5,000","306,169","-1,283,647","-277,979","-73,654","-963,474","-299,028","5,185","-88,375","-19,137",-,-,-,-,-,-,-,-,-,,,,,,,,,,,,,,,,,,,,,,,,,-,-,-,-,-,-,-,-,-,-,-,-,-,-,-,-,-,-,-,-,-,-,-,-,,,,,,,,,,,,,,,,,,,,,,,,,,,,,,,,,,,,,,,,,,,,,,,,,,,,,,,,,,,,,,,,,,,,,
112,성우하이텍,500,500,500,"39,317","24,294","32,068","-27,455","62,541","56,921",492,343,526,"6,399","6,399","8,999",-,-,-,16.28,26.34,28.06,2.16,2.16,2.30,-,-,-,-,-,-,-,-,-,80,80,150,-,-,-,-,-,-,-,-,-,,,,,,,,,,,,,,,,,,,,,,,,,,,,,,,,,,,,,,,,,,,,,,,,,,,,-,-,-,,,,,,,,,,,,,,,,,,,,,,,,,,,,,,,,,,,,,,,
113,오스템,500,500,500,"-13,915","-4,042",539,"-13,981","-4,039",417,-558,-161,21,497,500,750,-,-,-,-,-,139.15,1.01,0.54,0.59,-,-,-,-,-,-,-,-,-,20,20,30,-,-,-,-,-,-,-,-,-,,,,,,,,,,,,,,,,,,,,,,,,,,,,,,,,,,,,,,,,,,,,,,,,,,,,,,,,,,,,,,,,,,,,,,,,,,,,,,,,,,,,,,,,,,,,,
114,웅진씽크빅,500,500,500,"-141,460","22,187","24,925","-142,698","21,862","27,052","-1,067",672,745,"41,097",-,"5,415",-,-,-,-29.10,-,21.70,12.60,-,2.30,-,-,-,-,-,-,-,-,-,310,-,164,-,-,-,-,-,-,-,-,-,,,,,,,,,,,,,,,,,,,,,,,,,,,,,,,,,,,,,,,,,,,,,,,,,,,,,,,,,,,,,,,,,,,,,,,,,,,,,,,,,,,,,,,,,,,,,
115,LS,"5,000","5,000","5,000","25,331","404,149","296,857","51,642","413,787","70,755",912,"14,555","10,691","40,262","34,709","34,709",-,-,-,158.90,8.59,11.69,,,,,,,,,,,,,,,,,,,,,,,,,3.00,2.50,1.80,-,-,-,"1,450","1,250","1,250",-,-,-,-,-,-,-,-,-,-,-,-,-,-,-,,,,,,,,,,,,,,,,,,,,,,,,,,,,,,,,,,,,,,,,,,,,,,,,,,,,,,,,,,,,,,,,,,,,,
116,KH바텍,500,500,500,"-11,583","-39,098","-37,704","-11,388","-38,963","-37,532",-518,"-2,014","-1,966",-,-,-,-,-,-,-,-,-,,,,,,,,,,,,,,,,,,,,,,,,,-,-,-,-,-,-,-,-,-,-,-,-,-,-,-,-,-,-,-,-,-,-,-,-,,,,,,,,,,,,,-,-,-,,,,,,,,,,,,,,,,,,,,,,,,,,,,,,,,,,,,,,,,,,,,,,,,,,,,,,
117,한국정밀기계,500,500,500,"-1,229","-18,523","-27,480",-,-,-,-146,"-2,204","-3,270",-,-,-,-,-,-,-,-,-,,,,,,,,,,,,,,,,,,,,,,,,,-,-,-,-,-,-,-,-,-,-,-,-,-,-,-,-,-,-,-,-,-,-,-,-,,,,,,,,,,,,,,,,,,,,,,,,,,,,,,,,,,,,,,,,,,,,,,,,,,,,,,,,,,,,,,,,,,,,,
118,피엔아이컴퍼니,500,500,500,"-4,061","-5,312","-1,158",-,-,-,-853,"-1,136",-264,-,-,-,-,-,-,-,-,-,,,,,,,,,,,,,,,,,,,,,,,,,-,-,-,-,-,-,-,-,-,-,-,-,-,-,-,-,-,-,-,-,-,-,-,-,,,,,,,,,,,,,,,,,,,,,,,,,,,,,,,,,,,,,,,,,,,,,,,,,,,,,,,,,,,,,,,,,,,,,
119,에스앤더블류,500,500,500,-,-,-,"-2,754","-10,219","-4,191",-,-,-,-,-,-,-,-,-,-,-,-,,,,,,,,,,,,,,,,,,,,,,,,,-,-,-,-,-,-,-,-,-,-,-,-,-,-,-,-,-,-,-,-,-,-,-,-,,,,,,,,,,,,,,,,,,,,,,,,,,,,,,,,,,,,,,,,,,,,,,,,,,,,,,,,,,,,,,,,,,,,,
120,원텍,-,-,-,-,-,-,-,-,-,-,-,-,-,-,-,-,-,-,-,-,-,,,,,,,,,,,,,,,,,,,,,,,,,-,-,-,-,-,-,-,-,-,-,-,-,-,-,-,-,-,-,-,-,-,-,-,-,,,,,,,,,,,,,,,,,,,,,,,,,,,,,,,,,,,,,,,,,,,,,,,,,,,,,,,,,,,,,,,,,,,,,
121,대한유화,"5,000","5,000","5,000","106,342","257,413","214,317","100,344","249,631","205,583","17,218","41,679","34,701","15,440","24,704","24,704",-,-,-,14.50,9.60,11.50,2.10,2.60,1.50,,,,-,-,-,,,,"2,500","4,000","4,000",,,,-,-,-,,,,-,-,-,-,-,-,-,-,-,-,-,-,,,,,,,,,,,,,,,,,,,,,,,,,,,,,,,,,,,,,,,,,,,,,,,,,,,,,,,,,,,,,,,,,,,,,,,,,,,,,,,,,
122,우정바이오,500,100,100,-,-,-,279,"-4,617","-6,921",28,-187,-371,-,-,-,-,-,-,-,-,-,,,,,,,,,,,,,,,,,,,,,,,,,-,-,-,-,-,-,-,-,-,-,-,-,-,-,-,-,-,-,-,-,-,-,-,-,,,,,,,,,,,,,,,,,,,,,,,,,,,,,,,,,,,,,,,,,,,,,,,,,,,,,,,,,,,,,,,,,,,,,
123,키네마스터,500,500,500,62,"-3,145","-4,290",-874,"-3,484","-4,316",5,-482,-657,-,-,-,-,-,-,-,-,-,,,,,,,,,,,,,,,,,,,,,,,,,-,-,-,-,-,-,-,-,-,-,-,-,-,-,-,-,-,-,-,-,-,-,-,-,,,,,,,,,,,,,,,,,,,,,,,,,,,,,,,,,,,,,,,,,,,,,,,,,,,,,,,,,,,,,,,,,,,,,
124,삼성엔지니어링,"5,000","5,000","5,000","292,648","68,685","-45,351","124,296","34,834","-78,440","1,493",350,-231,-,-,-,-,-,-,-,-,-,-,-,-,,,,-,-,-,,,,-,-,-,,,,-,-,-,,,,-,-,-,-,-,-,-,-,-,-,-,-,,,,,,,,,,,,,,,,,,,,,,,,,,,,,,,,,,,,,,,,,,,,,,,,,,,,,,,,,,,,,,,,,,,,,,,,,,,,,,,,,
125,자화전자,500,500,500,-281,"-1,283","24,900","11,939",921,"17,926",-17,-76,"1,406",-,"3,366","7,573",-,-,-,-,-262.30,32.00,-,1.70,1.80,-,-,-,-,-,-,-,-,-,-,200,450,-,-,-,-,-,-,-,-,-,,,,,,,,,,,,,,,,,,,,,,,,,,,,,,,,,,,,,,,,,,,,,,,,,,,,,,,,,,,,,,,,,,,,,,,,,,,,,,,,,,,,,,,,,,,,,
126,썸에이지,100,100,100,"-13,388","-27,475","-8,432","-10,200","-25,503","-8,091",-154,-365,-114,-,-,-,-,-,-,-,-,-,,,,,,,,,,,,,,,,,,,,,,,,,-,-,-,-,-,-,-,-,-,-,-,-,-,-,-,-,-,-,-,-,-,-,-,-,,,,,,,,,,,,,,,,,,,,,,,,,,,,,,,,,,,,,,,,,,,,,,,,,,,,,,,,,,,,,,,,,,,,,
127,코드네이처,500,500,500,"-2,341","-13,963","-34,070","-2,980","-12,869","-29,636",-85,-336,"-1,082",-,-,-,-,-,-,-,-,-,,,,,,,,,,,,,,,,,,,,,,,,,-,-,-,-,-,-,-,-,-,-,-,-,-,-,-,-,-,-,-,-,-,-,-,-,,,,,,,,,,,,,,,,,,,,,,,,,,,,,,,,,,,,,,,,,,,,,,,,,,,,,,,,,,,,,,,,,,,,,
128,TCC스틸,"1,000","1,000","1,000","5,037","9,755","1,504","1,996","7,565","-2,329",237,465,72,640,"1,707",-,658,-,-,12.70,17.50,-,1.00,4.10,-,-,-,-,0.20,-,-,-,-,-,30,80,-,-,-,-,0,-,-,-,-,-,,,,,,,,,,,,,,,,,,,,,,,,,,,,,,,,,,,,,,,,,,,,,,,,,,,,,,,,,,,,,,,,,,,,,,,,,,,,,,,,,,,,,,,,,,,,,
129,셀바스헬스케어,500,500,500,"-3,328","-19,992","-1,116","-3,189","-20,459",-26,-239,"-1,523",-87,-,-,-,-,-,-,-,-,-,,,,,,,,,,,,,,,,,,,,,,,,,-,-,-,-,-,-,-,-,-,-,-,-,-,-,-,-,-,-,-,-,-,-,-,-,,,,,,,,,,,,,,,,,,,,,,,,,,,,,,,,,,,,,,,,,,,,,,,,,,,,,,,,,,,,,,,,,,,,,
130,나인테크,500,500,"5,000","4,219","2,025","-1,889",-,-,-,"1,455",707,"-7,730",-,-,-,-,-,-,-,-,-,,,,,,,,,,,,,,,,,,,,,,,,,-,-,-,-,-,-,-,-,-,-,-,-,-,-,-,-,-,-,-,-,-,-,-,-,,,,,,,,,,,,,,,,,,,,,,,,,,,,,,,,,,,,,,,,,,,,,,,,,,,,,,,,,,,,,,,,,,,,,
131,세코닉스,500,500,500,"-17,494","-1,936","-2,356","-5,360","8,940","1,256","-1,503",-176,-213,582,-,-,-,-,-,-,-,-,0.79,-,-,,,,-,0.05,0.03,,,,50,-,-,,,,-,0,0,,,,-,-,-,-,-,-,-,-,-,-,-,-,,,,,,,,,,,,,,,,,,,,,,,,,,,,,,,,,,,,,,,,,,,,,,,,,,,,,,,,,,,,,,,,,,,,,,,,,,,,,,,,,
132,롯데정밀화학,"5,000","5,000","5,000","168,372","214,923","89,231","195,608","172,843","69,738","6,611","8,438","3,503","43,299","43,299","20,376",-,-,-,25.80,20.10,22.80,3.70,4.10,1.30,-,-,-,-,-,-,-,-,-,"1,700","1,700",800,-,-,-,-,-,-,-,-,-,,,,,,,,,,,,,,,,,,,,,,,,,,,,,,,,,,,,,,,,,,,,,,,,,,,,,,,,,,,,,,,,,,,,,,,,,,,,,,,,,,,,,,,,,,,,,
133,DSR,500,500,500,"8,739","7,908","11,073","8,764","8,788","12,631",546,494,692,800,800,800,-,-,-,9.20,10.10,7.20,1.10,1.20,1.00,-,-,-,-,-,-,-,-,-,50,50,50,-,-,-,-,-,-,-,-,-,,,,,,,,,,,,,,,,,,,,,,,,,,,,,,,,,,,,,,,,,,,,,,,,,,,,,,,,,,,,,,,,,,,,,,,,,,,,,,,,,,,,,,,,,,,,,
134,대구백화점,"5,000","5,000","5,000","-19,883","-29,859","-16,463","-18,649","-19,611","-8,972","-2,601","-3,904","-2,148",773,"1,159","1,545",-,-,-,-,-,-,1.70,1.70,1.70,-,-,-,,,,,,,100,150,200,150,200,250,,,,,,,,,,-,-,-,,,,-,-,-,,,,-,-,-,,,,-,-,-,,,,,,,,,,,,,,,,,,,,,,,,,,,,,,,,,,,,,,,,,,,,,,,,,,,,,,,,,,,,,,,,,,,,,
135,아이마켓코리아,500,500,500,"16,063","12,316","7,704","17,470","18,108","14,572",483,357,221,"19,548","15,321","12,165",-,-,-,121.70,124.40,157.90,5.60,6.40,3.90,-,-,-,-,-,-,-,-,-,600,450,350,-,-,-,-,-,-,-,-,-,,,,,,,,,,,,,,,,,,,,,,,,,,,,,,,,,,,,,,,,,,,,,,,,,,,,,,,,,,,,,,,,,,,,,,,,,,,,,,,,,,,,,,,,,,,,,
136,에이비프로바이오,500,500,500,"-37,467","-11,575","-11,528","-31,644","-11,498","-13,507",-236,-139,-158,-,-,-,-,-,-,-,-,-,,,,,,,,,,,,,,,,,,,,,,,,,-,-,-,-,-,-,-,-,-,-,-,-,-,-,-,-,-,-,-,-,-,-,-,-,,,,,,,,,,,,,,,,,,,,,,,,,,,,,,,,,,,,,,,,,,,,,,,,,,,,,,,,,,,,,,,,,,,,,
137,성광벤드,500,500,500,"6,167","-8,334","-16,319","9,392","-6,461","-18,652",221,-298,-584,"2,793","2,263","2,793",-,-,-,45.28,-27.16,-17.11,1.00,0.90,1.00,-,-,-,-,-,-,-,-,-,100,100,100,-,-,-,-,-,-,-,-,-,,,,,,,,,,,,,,,,,,,,,,,,,,,,,,,,,,,,,,,,,,,,,,,,,,,,,,,,,,,,,,,,,,,,,,,,,,,,,,,,,,,,,,,,,,,,,
138,인화정공,500,500,500,"-8,467","-1,771","10,423",209,"1,683","2,168",-922,-193,"1,135",-,-,459,-,-,-,-,-,4.40,-,-,1.12,,,,,,,,,,-,-,50,,,,,,,,,,-,-,-,-,-,-,-,-,-,-,-,-,,,,-,-,-,,,,-,-,-,,,,,,,,,,,,,,,,,,,,,,,,,,,,,,,,,,,,,,,,,,,,,,,,,,,,,,,,,,,,,,,,,,,,,
139,신송홀딩스,500,500,500,"-34,342","-13,912","-8,240","-4,890","-13,183","-6,677","-2,905","-1,176",-697,946,-,-,-,-,-,2.01,-,-,-,-,-,,,,,,,,,,80,-,-,,,,,,,,,,-,-,-,-,-,-,-,-,-,-,-,-,,,,-,-,-,,,,-,-,-,,,,,,,,,,,,,,,,,,,,,,,,,,,,,,,,,,,,,,,,,,,,,,,,,,,,,,,,,,,,,,,,,,,,,
140,에쓰씨엔지니어링,500,500,500,"-4,376","-11,720","-14,439","-9,772","2,334","-6,471",-14,-11,-410,-,-,-,-,-,-,-,-,-,-,-,-,,,,-,-,-,,,,-,-,-,,,,-,-,-,,,,,,,,,,,,,-,-,-,,,,,,,,,,,,,,,,,,,,,,,,,,,,,,,,,,,,,,,,,,,-,-,-,-,-,-,-,-,-,-,-,-,,,,,,,,,,,,,,,,,,,,,,,,,,,
141,메디포스트,500,500,500,"-14,121","-2,007",-950,"-13,876","-2,018","-1,090",-911,-130,-61,-,-,-,-,-,-,-,-,-,-,-,-,-,-,-,-,-,-,-,-,-,-,-,-,-,-,-,-,-,-,-,-,-,,,,,,,,,,,,,,,,,,,,,,,,,,,,,,,,,,,,,,,,,,,,,,,,,,,,,,,,,,,,,,,,,,,,,,,,,,,,,,,,,,,,,,,,,,,,,
142,세원,100,100,100,"3,312",-,-,639,"1,315",-36,69,-,-,-,-,-,-,-,-,-,-,-,,,,,,,,,,,,,,,,,,,,,,,,,-,-,-,-,-,-,-,-,-,-,-,-,-,-,-,-,-,-,-,-,-,-,-,-,,,,,,,,,,,,,,,,,,,,,,,,,,,,,,,,,,,,,,,,,,,,,,,,,,,,,,,,,,,,,,,,,,,,,
143,윈하이텍,500,500,500,"-7,755","6,403","3,868","-6,629",-,-,-676,669,404,-,"1,148",765,-,-,-,-,17.90,19.80,-,2.80,1.90,,,,-,-,-,,,,-,120,80,,,,-,-,-,,,,-,-,-,-,-,-,-,-,-,-,-,-,,,,,,,,,,,,,,,,,,,,,,,,,,,,,,,,,,,,,,,,,,,,,,,,,,,,,,,,,,,,,,,,,,,,,,,,,,,,,,,,,
144,스템랩,500,500,500,-,-,-,"-3,111","-2,168","-3,128",-,-,-,-,-,-,-,-,-,-,-,-,,,,,,,,,,,,,,,,,,,,,,,,,-,-,-,-,-,-,-,-,-,-,-,-,-,-,-,-,-,-,-,-,-,-,-,-,,,,,,,,,,,,,,,,,,,,,,,,,,,,,,,,,,,,,,,,,,,,,,,,,,,,,,,,,,,,,,,,,,,,,
145,오가닉티코스메틱,-,-,-,"31,800","44,056","43,245",-,-,-,558,774,760,-,"4,482","5,197",-,-,-,-,10.00,12.00,-,2.99,1.50,-,-,-,-,-,-,-,-,-,-,79,46,-,-,-,-,-,-,-,-,-,,,,,,,,,,,,,,,,,,,,,,,,,,,,,,,,,,,,,,,,,,,,,,,,,,,,,,,,,,,,,,,,,,,,,,,,,,,,,,,,,,,,,,,,,,,,,
146,코텍,500,500,500,"30,761","35,046","21,710","32,717","35,046","21,710","2,069","2,357","1,460","5,948","5,948","4,461",-,-,-,19.30,17.00,20.60,,,,,,,,,,,,,,,,,,,,,,,,,3.10,2.90,1.80,-,-,-,400,400,300,-,-,-,-,-,-,-,-,-,-,-,-,-,-,-,,,,,,,,,,,,,-,-,-,,,,,,,,,,,,,,,,,,,,,,,,,,,,-,-,-,,,,,,,,,,,,,,,,,,,,,,,,
147,대유에이텍,500,500,500,"10,183","-30,494","2,638","11,912","-28,287","4,588",95,-294,43,-,-,"3,597",-,-,-,-,-,136.35,-,-,1.88,,,,-,-,-,,,,-,-,20,,,,-,-,-,,,,,,,,,,,,,,,,,,,,,,,,,,,,-,-,6.00,-,-,-,-,-,123,-,-,-,,,,,,,,,,,,,,,,,,,,,,,,,,,,,,,,,,,,,,,,,,,,,,,,,,,,,,,,,
148,녹원씨엔아이,500,500,500,"-9,154","6,204",427,"-8,667","3,376","-7,298",-601,509,47,-,"1,605",-,-,-,-,-,25.86,-,-,1.20,-,-,-,-,-,-,-,-,-,-,-,108,-,-,-,-,-,-,-,-,-,-,,,,,,,,,,,,,,,,,,,,,,,,,,,,,,,,,,,,,,,,,,,,,,,,,,,,,,,,,,,,,,,,,,,,,,,,,,,,,,,,,,,,,,,,,,,,,
149,빙그레,"5,000","5,000","5,000","41,060","34,201","29,615","39,719","32,131","27,873","4,644","3,868","3,349","12,821","11,936","11,052",-,-,-,31.20,34.90,37.30,2.60,1.80,2.00,,,,-,-,-,,,,"1,450","1,350","1,250",,,,-,-,-,,,,-,-,-,-,-,-,-,-,-,-,-,-,,,,,,,,,,,,,,,,,,,,,,,,,,,,,,,,,,,,,,,,,,,,,,,,,,,,,,,,,,,,,,,,,,,,,,,,,,,,,,,,,
150,골프존뉴딘홀딩스,500,500,500,"-34,848","-7,124","-21,585","-30,342","-7,654","-20,921",-752,-166,-505,"5,003","5,003","5,003",-,-,-,-14.40,-70.20,-23.20,,,,,,,,,,,,,,,,,,,,,,,,,3.30,3.00,2.20,-,-,-,117,117,117,-,-,-,-,-,-,-,-,-,-,-,-,-,-,-,,,,,,,,,,,,,,,,,,,,,,,,,,,,,,,,,,,,,,,,,,,,,,,,,,,,,,,,,,,,,,,,,,,,,
151,태광,500,500,500,"10,784","10,029","-16,226","10,942","10,205","-16,226",418,388,-627,"2,586","1,940","1,293",-,-,-,23.96,19.29,-7.97,1.00,0.60,0.40,-,-,-,-,-,-,-,-,-,100,75,50,-,-,-,-,-,-,-,-,-,,,,,,,,,,,,,,,,,,,,,,,,,,,,,,,,,,,,,,,,,,,,,,,,,,,,,,,,,,,,,,,,,,,,,,,,,,,,,,,,,,,,,,,,,,,,,
152,자연과환경,500,500,500,"-1,469",611,"-6,765",-842,"1,107","-5,675",-29,26,-219,-,-,-,-,-,-,-,-,-,-,-,-,-,-,-,-,-,-,-,-,-,-,-,-,-,-,-,-,-,-,-,-,-,,,,,,,,,,,,,,,,,,,,,,,,,,,,,,,,,,,,,,,,,,,,,,,,,,,,,,,,,,,,,,,,,,,,,,,,,,,,,,,,,,,,,,,,,,,,,
153,마니커,500,500,500,"-17,301","-11,020","-10,888","-17,490","-11,766","-14,677",-110,-88,-95,-,-,-,-,-,-,-,-,-,,,,,,,,,,,,,,,,,,,,,,,,,-,-,-,-,-,-,-,-,-,-,-,-,-,-,-,-,-,-,-,-,-,-,-,-,,,,,,,,,,,,,,,,,,,,,,,,,,,,,,,,,,,,,,,,,,,,,,,,,,,,,,,,,,,,,,,,,,,,,
154,팜스토리,500,500,500,"-5,129","-5,952","13,808","8,730","6,847","9,410",-57,-68,158,"2,765",-,-,-,-,-,-,-,-,,,,,,,,,,,,,,,,,,,,,,,,,,,,,,,,,,,,,,,,,,,,,,,,,,,,,,,,,,,,,,,,,,,,,,,,,,,,,,,,,,,,,,,,,,,,,,2.30,-,-,-,-,-,-,-,-,-,-,-,25,-,-,-,-,-,-,-,-,-,-,-
155,영우디에스피,500,500,500,"-2,074","-18,244","-4,578","-1,803","-17,751","-4,737",-71,"-1,494",-376,-,-,-,-,-,-,-,-,-,-,-,-,-,-,-,-,-,-,-,-,-,-,-,-,-,-,-,-,-,-,-,-,-,,,,,,,,,,,,,,,,,,,,,,,,,,,,,,,,,,,,,,,,,,,,,,,,,,,,,,,,,,,,,,,,,,,,,,,,,,,,,,,,,,,,,,,,,,,,,
156,경인양행,500,500,500,"16,373","13,802","4,779","4,798","7,420",531,344,331,90,"2,034","2,008","1,984",-,-,-,14.88,14.55,41.52,1.00,1.00,1.00,,,,,,,,,,50,50,50,,,,,,,,,,-,-,-,-,-,-,-,-,-,-,-,-,,,,-,-,-,,,,-,-,-,,,,,,,,,,,,,,,,,,,,,,,,,,,,,,,,,,,,,,,,,,,,,,,,,,,,,,,,,,,,,,,,,,,,,
157,WI,500,500,500,-,"-16,887","-10,844","1,401","-14,963","-9,800",115,"-1,563","-2,127",-,-,-,-,-,-,-,-,-,-,-,-,-,-,-,-,-,-,-,-,-,-,-,-,-,-,-,-,-,-,-,-,-,,,,,,,,,,,,,,,,,,,,,,,,,,,,,,,,,,,,,,,,,,,,,,,,,,,,,,,,,,,,,,,,,,,,,,,,,,,,,,,,,,,,,,,,,,,,,
158,에스제이엠,500,500,500,"7,568","3,726","5,677","1,882","2,388","6,857",438,267,363,"1,951","1,560","2,029",-,-,-,25.80,37.40,35.80,3.26,3.33,2.59,-,-,-,-,-,-,-,-,-,125,100,130,-,-,-,-,-,-,-,-,-,,,,,,,,,,,,,,,,,,,,,,,,,,,,,,,,,,,,,,,,,,,,,,,,,,,,,,,,,,,,,,,,,,,,,,,,,,,,,,,,,,,,,,,,,,,,,
159,삼본전자,500,500,500,"-19,357","2,674","3,476",74,"1,228","2,814",-276,59,68,-,-,"2,254",-,-,-,-,-,65.00,-,-,2.00,-,-,-,-,-,-,-,-,-,-,-,250,-,-,-,-,-,-,-,-,-,,,,,,,,,,,,,,,,,,,,,,,,,,,,,,,,,,,,,,,,,,,,,,,,,,,,,,,,,,,,,,,,,,,,,,,,,,,,,,,,,,,,,,,,,,,,,
160,노브메타파마,500,500,500,"-12,377","-13,177","-6,076","-11,957","-12,710","-5,967","-1,402","-1,519",-767,-,-,-,-,-,-,-,-,-,,,,,,,,,,,,,,,,,,,,,,,,,-,-,-,-,-,-,-,-,-,-,-,-,-,-,-,-,-,-,-,-,-,-,-,-,,,,,,,,,,,,,,,,,,,,,,,,,,,,,,,,,,,,,,,,,,,,,,,,,,,,,,,,,,,,,,,,,,,,,
161,동양고속,"5,000","5,000","5,000","32,744","1,365","-1,770","29,751","1,595","4,282","12,104",464,-552,"12,584","2,879","1,992",-,-,615,260.20,47.42,-,16.79,3.44,1.43,,,,-,-,-,,,,"4,700","1,000",800,,,,-,-,0,,,,-,-,-,-,-,-,-,-,-,-,-,-,,,,,,,,,,,,,,,,,,,,,,,,,,,,,,,,,,,,,,,,,,,,,,,,,,,,,,,,,,,,,,,,,,,,,,,,,,,,,,,,,
162,브이티지엠피,500,500,500,"3,411","10,707","-13,007","3,868","5,014","-16,806",103,276,-747,-,-,-,-,-,-,-,-,-,-,-,-,-,-,-,-,-,-,-,-,-,-,-,-,-,-,-,-,-,-,-,-,-,,,,,,,,,,,,,,,,,,,,,,,,,,,,,,,,,,,,,,,,,,,,,,,,,,,,,,,,,,,,,,,,,,,,,,,,,,,,,,,,,,,,,,,,,,,,,
163,아가방컴퍼니,500,500,500,"-15,811","-15,530","-4,481","-15,684","-15,657","-4,481",-481,-472,-136,-,-,-,-,-,-,-,-,-,-,-,-,-,-,-,-,-,-,-,-,-,-,-,-,-,-,-,-,-,-,-,-,-,,,,,,,,,,,,,,,,,,,,,,,,,,,,,,,,,,,,,,,,,,,,,,,,,,,,,,,,,,,,,,,,,,,,,,,,,,,,,,,,,,,,,,,,,,,,,
164,S&T홀딩스,500,500,500,"62,523","27,438","6,796","9,244","6,218","4,172","4,072","1,701",418,"7,578","6,307","3,159",-,-,237,12.10,23.00,46.50,3.30,3.30,1.30,-,-,-,-,-,2.30,-,-,-,500,400,200,-,-,-,-,-,0,-,-,-,,,,,,,,,,,,,,,,,,,,,,,,,,,,,,,,,,,,,,,,,,,,,,,,,,,,,,,,,,,,,,,,,,,,,,,,,,,,,,,,,,,,,,,,,,,,,
165,골든센츄리,232,224,214,"21,717","21,221","19,135",-,-,-,137,227,642,476,-,611,-,-,-,2.20,-,3.20,,,,,,,,,,,,,,,,,,,,,,,,,0.90,-,3.00,-,-,-,3,-,52,-,-,-,-,-,-,-,-,-,-,-,-,-,-,-,,,,,,,,,,,,,,,,,,,,,,,,,,,,,,,,,,,,,,,,,,,,,,,,,,,,,,,,,,,,,,,,,,,,,
166,피에스케이홀딩스,500,500,500,"8,394","53,521","39,443","15,274","52,451","39,981",950,"2,633","1,940",532,"8,018","8,133",-,-,-,6.34,14.98,20.61,1.73,3.34,1.60,-,-,-,-,-,-,-,-,-,150,400,400,-,-,-,-,-,-,-,-,-,,,,,,,,,,,,,,,,,,,,,,,,,,,,,,,,,,,,,,,,,,,,,,,,,,,,,,,,,,,,,,,,,,,,,,,,,,,,,,,,,,,,,,,,,,,,,
167,페이퍼코리아,500,500,500,"-27,833","-38,061","-107,323","-23,616","-57,411","-115,773",-315,-701,-639,-,-,-,-,-,-,-,-,-,-,-,-,-,-,-,-,-,-,-,-,-,-,-,-,-,-,-,-,-,-,-,-,-,,,,,,,,,,,,,,,,,,,,,,,,,,,,,,,,,,,,,,,,,,,,,,,,,,,,,,,,,,,,,,,,,,,,,,,,,,,,,,,,,,,,,,,,,,,,,
168,위닉스,500,500,500,"41,158","18,876","11,319","40,368","19,166","12,101","2,518","1,159",741,"8,171","6,537","3,006",-,-,-,19.80,34.60,26.50,,,,,,,,,,,,,,,,,,,,,,,,,1.96,2.75,1.45,-,-,-,500,400,200,-,-,-,-,-,-,-,-,-,-,-,-,-,-,-,,,,,,,,,,,,,,,,,,,,,,,,,,,,,,,,,,,,,,,,,,,,,,,,,,,,,,,,,,,,,,,,,,,,,
169,삼성전자,100,100,100,"21,505,054","43,890,877","41,344,569","15,353,323","32,815,127","28,800,837","3,166","6,461","5,997","9,619,243","9,619,243","5,826,302",-,-,-,44.70,21.90,14.10,2.60,3.70,1.70,3.10,4.50,2.10,-,-,-,-,-,-,"1,416","1,416",850,"1,417","1,417",851,-,-,-,-,-,-,,,,,,,,,,,,,,,,,,,,,,,,,,,,,,,,,,,,,,,,,,,,,,,,,,,,,,,,,,,,,,,,,,,,,,,,,,,,,,,,,,,,,,,,,,,,,
170,웰바이오텍,500,500,500,"-16,553","-16,307","-8,709","-16,801","-14,175","-22,445",-368,-780,-573,0,0,0,0,0,0,0.00,0.00,0.00,,,,,,,,,,,,,,,,,,,,,,,,,0.00,0.00,0.00,0.00,0.00,0.00,0,0,0,0,0,0,0.00,0.00,0.00,0.00,0.00,0.00,0,0,0,0,0,0,,,,,,,,,,,,,,,,,,,,,,,,,,,,,,,,,,,,,,,,,,,,,,,,,,,,,,,,,,,,,,,,,,,,,
171,토비스,500,500,500,"22,081","19,677","12,963","21,504","18,464","13,300","1,420","1,234",799,"3,664","3,142","2,607",-,-,-,16.60,16.01,20.17,,,,,,,,,,,,,240,200,160,,,,,,,,,,2.55,2.99,2.05,-,-,-,-,-,-,-,-,-,-,-,-,-,-,-,,,,-,-,-,,,,,,,,,,,,,,,,,,,,,,,,,,,,,,,,,,,,,,,,,,,,,,,,,,,,,,,,,,,,,,,,,,,,,
172,키다리스튜디오,500,500,500,"2,693",-,"-2,241",339,151,"-2,199",139,10,-148,-,-,-,-,-,-,-,-,-,,,,,,,,,,,,,,,,,,,,,,,,,-,-,-,-,-,-,-,-,-,-,-,-,-,-,-,-,-,-,-,-,-,-,-,-,,,,,,,,,,,,,,,,,,,,,,,,,,,,,,,,,,,,,,,,,,,,,,,,,,,,,,,,,,,,,,,,,,,,,
173,태웅,500,500,500,-,-,-,"-33,805","-32,673","-5,959","-1,690","-1,633",-298,-,-,-,-,-,-,-,-,-,,,,,,,,,,,,,,,,,,,,,,,,,-,-,-,-,-,-,-,-,-,-,-,-,-,-,-,-,-,-,-,-,-,-,-,-,,,,,,,,,,,,,,,,,,,,,,,,,,,,,,,,,,,,,,,,,,,,,,,,,,,,,,,,,,,,,,,,,,,,,
174,인지컨트롤스,500,500,500,"-8,269","2,981",-15,"2,447",-553,"-1,647",-569,205,-1,"1,452","1,452","2,178",-,-,-,-17.55,4.70,#######,2.10,1.60,2.60,-,-,-,-,-,-,-,-,-,100,100,150,-,-,-,-,-,-,-,-,-,,,,,,,,,,,,,,,,,,,,,,,,,,,,,,,,,,,,,,,,,,,,,,,,,,,,,,,,,,,,,,,,,,,,,,,,,,,,,,,,,,,,,,,,,,,,,
175,KCC건설,"5,000","5,000","5,000","28,229","24,126","22,483",-,"24,109","22,483","1,319","1,127","1,051","3,210","2,782","2,782",-,-,-,11.37,11.53,12.37,2.30,1.80,1.70,-,-,-,-,-,-,-,-,-,150,130,130,-,-,-,-,-,-,-,-,-,,,,,,,,,,,,,,,,,,,,,,,,,,,,,,,,,,,,,,,,,,,,,,,,,,,,,,,,,,,,,,,,,,,,,,,,,,,,,,,,,,,,,,,,,,,,,
176,한국종합기술,500,500,500,-,-,-,"-3,556","-6,637","-7,816",-325,-606,-714,"1,095","1,095","1,095",-,-,-,-30.80,-16.50,-14.01,2.50,1.70,1.90,-,-,-,-,-,-,-,-,-,100,100,100,-,-,-,-,-,-,-,-,-,,,,,,,,,,,,,,,,,,,,,,,,,,,,,,,,,,,,,,,,,,,,,,,,,,,,,,,,,,,,,,,,,,,,,,,,,,,,,,,,,,,,,,,,,,,,,
177,에스티큐브,500,500,500,"-12,047","-10,707","-16,454","-16,931","-8,839","-10,798",-436,-387,-632,-,-,-,-,-,-,-,-,-,,,,,,,,,,,,,,,,,,,,,,,,,-,-,-,-,-,-,-,-,-,-,-,-,-,-,-,-,-,-,-,-,-,-,-,-,,,,,,,,,,,,,,,,,,,,,,,,,,,,,,,,,,,,,,,,,,,,,,,,,,,,,,,,,,,,,,,,,,,,,
178,로스웰,-,-,-,"2,774","12,706","30,072",-,-,-,25,141,333,-,-,"1,684",-,-,-,-,-,16.00,-,-,2.70,,,,-,-,-,,,,-,-,54,,,,-,-,-,,,,-,-,-,-,-,-,-,-,-,-,-,-,,,,,,,,,,,,,,,,,,,,,,,,,,,,,,,,,,,,,,,,,,,,,,,,,,,,,,,,,,,,,,,,,,,,,,,,,,,,,,,,,
179,SNK,-,-,-,"31,182","24,839","30,576","27,658","22,792","29,202","170,069","147,736","182,115",-,-,-,-,-,-,-,-,-,-,-,-,-,-,-,-,-,-,-,-,-,-,-,-,-,-,-,-,-,-,-,-,-,,,,,,,,,,,,,,,,,,,,,,,,,,,,,,,,,,,,,,,,,,,,,,,,,,,,,,,,,,,,,,,,,,,,,,,,,,,,,,,,,,,,,,,,,,,,,
